class-name,perception,LOC,C3,CBO,MPC,RFC,WMC,Readability,Avg-commit-size,number-changes,number-committors,persistance,number-fixes,avg.dev.scattering,NOII_type,NOAM_type,NOCS_type,NOM_type,NMO_type,ATFD_type,FANOUT_type,NOMNAMM_type,NOA_type,NIM_type,DIT_type,LOCNAMM_type,CFNAMM_type,TCC_type,NOC_type,LCOM5_type,WOC_type,WMCNAMM_type,NOCS_package,NOMNAMM_package,NOI_package,LOC_package,NOM_package,isStatic_type,NOPA_type,number_private_visibility_attributes,number_protected_visibility_attributes,number_package_visibility_attributes,num_final_attributes,num_static_attributes,num_final_static_attributes,num_not_final_not_static_attributes,num_final_not_static_attributes,num_static_not_final_attributes,number_public_visibility_methods,number_private_visibility_methods,number_protected_visibility_methods,number_package_visibility_methods,number_final_methods,number_abstract_methods,number_not_abstract_not_final_methods,number_static_methods,number_final_static_methods,number_final_not_static_methods,number_not_final_static_methods,number_not_final_not_static_methods,number_standard_design_methods,number_constructor_DefaultConstructor_methods,number_constructor_NotDefaultConstructor_methods,is_controller,is_procedural,is_test,is_util,is_external,NOCS_project,NOI_project,NOM_project,NOMNAMM_project,LOC_project,NOPK_project
org.apache.cassandra.cli.CliClient,MEDIUM,1041,0.44,8,0.48,7,43,0.37,5,36,4,4,6,0.47,0,8,0,2,2,0,1,0,0,0,2,57,41,0.52,34,0.3,0.92,93,6,8,12,3,12,6,2,12,11,9,7,6,6,9,2,5,11,3,3,6,12,11,6,7,5,3,7,4,6,5,8,FALSE,FALSE,FALSE,FALSE,FALSE,8,8,10,2,10,5
org.apache.cassandra.config.CFMetaData,MEDIUM,1056,0.38,15,0.55,8,52,0.4,9,39,4,4,5,0.45,2,7,1,0,1,2,2,1,2,0,0,107,34,0.55,15,0.42,0.63,63,7,7,2,11,9,3,12,3,9,1,1,3,2,7,9,5,4,8,12,12,7,11,4,1,1,9,9,7,7,0,12,FALSE,FALSE,FALSE,FALSE,FALSE,11,5,9,12,4,11
org.apache.cassandra.config.DatabaseDescriptor,MEDIUM,1101,0.52,13,0.46,11,60,0.47,6,24,5,2,3,0.46,0,5,2,0,2,1,2,1,0,0,1,33,33,0.77,31,0.23,0.09,44,8,1,0,7,0,3,7,5,4,4,5,5,7,0,1,3,12,2,5,1,7,9,12,10,8,0,3,7,1,10,6,FALSE,FALSE,FALSE,FALSE,FALSE,2,8,4,1,11,9
org.apache.cassandra.cql3.statements.SelectStatement,MEDIUM,983,0.34,17,0.49,9,65,0.42,2,25,3,1,3,0.51,1,1,1,2,0,2,2,2,0,2,2,92,37,0.83,2,0.36,0.16,66,8,0,4,11,4,7,1,8,4,8,12,9,12,11,3,6,5,12,11,0,12,2,9,4,3,12,2,11,6,1,9,FALSE,FALSE,FALSE,FALSE,FALSE,5,9,0,2,2,5
org.apache.cassandra.cql3.statements.SelectStatementTest,MEDIUM,970,0.52,10,0.42,6,39,0.48,5,28,4,3,5,0.47,3,8,2,2,0,1,1,2,1,0,2,90,38,0.34,49,0.98,0.74,24,0,10,8,0,7,2,1,5,6,1,3,6,11,2,4,3,6,10,8,9,6,6,2,10,5,10,12,4,8,4,2,FALSE,FALSE,TRUE,FALSE,FALSE,7,10,5,7,9,4
org.apache.cassandra.db.ColumnFamilyStore,MEDIUM,1019,0.38,19,0.49,5,60,0.35,5,15,4,2,6,0.54,0,2,2,0,1,2,1,1,1,1,0,88,22,0.82,53,0.15,0.24,29,2,3,1,0,8,4,9,4,2,3,3,8,9,2,1,12,0,6,11,10,9,3,8,12,7,11,8,6,4,10,3,FALSE,FALSE,FALSE,FALSE,FALSE,10,3,12,5,10,11
org.apache.cassandra.db.ColumnFamilyStoreTest,MEDIUM,975,0.24,7,0.5,10,57,0.49,5,41,5,3,4,0.4,0,5,1,1,1,2,0,1,2,1,1,30,18,0.9,20,0.88,0.13,43,3,6,5,6,9,11,4,10,0,2,9,12,7,7,2,2,3,11,4,1,1,12,9,1,9,5,2,4,5,6,9,FALSE,FALSE,TRUE,FALSE,FALSE,0,1,8,2,2,0
org.apache.cassandra.db.compaction.CompactionManager,MEDIUM,934,0.61,19,0.5,7,60,0.5,2,37,7,3,6,0.48,3,5,0,1,1,1,2,2,2,0,1,64,6,0.34,6,0.38,0.57,61,12,3,8,2,11,3,2,6,12,5,5,11,2,9,0,5,9,4,1,10,2,2,12,1,11,9,0,9,8,8,12,TRUE,FALSE,FALSE,FALSE,FALSE,6,2,0,9,3,0
org.apache.cassandra.gms.Gossiper,MEDIUM,1007,0.41,8,0.5,9,54,0.49,6,18,6,3,4,0.5,0,3,1,0,0,2,0,1,1,1,1,88,0,0.6,40,0.33,0.94,30,8,6,10,5,3,8,10,3,10,1,6,12,2,2,9,9,5,3,8,10,7,0,11,3,11,2,6,9,5,2,4,FALSE,FALSE,FALSE,FALSE,FALSE,5,9,4,3,6,2
org.apache.cassandra.io.sstable.SSTableReader,MEDIUM,1020,0.31,12,0.54,10,70,0.35,9,33,3,1,7,0.53,0,2,0,0,0,2,0,1,2,1,0,80,15,0.8,44,0.67,0.91,33,9,7,2,5,5,10,9,10,8,1,3,7,5,0,0,12,6,4,11,1,12,11,3,4,2,7,10,9,2,3,8,FALSE,FALSE,FALSE,FALSE,FALSE,9,2,0,8,0,10
org.apache.cassandra.io.sstable.SSTableRewriterTest,MEDIUM,1035,0.64,12,0.54,6,70,0.41,7,10,6,1,4,0.4,3,8,2,2,2,1,1,1,2,1,1,41,20,0.51,51,0.09,0.66,91,11,0,1,7,2,10,8,2,1,10,11,9,0,6,7,6,9,10,2,10,7,2,6,2,11,0,1,10,11,8,11,FALSE,FALSE,TRUE,FALSE,FALSE,12,2,3,3,10,8
org.apache.cassandra.metrics.ColumnFamilyMetrics,MEDIUM,1084,0.53,15,0.52,5,66,0.42,10,9,3,4,3,0.52,2,0,1,0,0,0,1,2,0,2,1,63,31,0.82,34,0.33,0.44,8,8,2,7,8,7,4,5,5,11,11,0,2,10,1,4,12,0,4,9,6,2,6,6,11,7,8,1,12,12,3,9,FALSE,FALSE,FALSE,FALSE,FALSE,5,6,3,12,7,6
org.apache.cassandra.service.StorageProxy,MEDIUM,930,0.3,16,0.55,6,56,0.44,9,31,6,4,7,0.49,0,2,0,0,0,0,2,1,2,0,2,68,17,0.76,33,0.93,0.61,21,1,12,2,5,5,6,4,7,3,8,2,5,1,3,0,3,5,3,5,11,11,12,6,12,5,7,2,2,3,5,0,TRUE,FALSE,FALSE,FALSE,FALSE,4,3,1,7,5,5
org.apache.cassandra.service.StorageService,MEDIUM,946,0.64,7,0.45,7,53,0.44,7,11,7,4,7,0.42,3,2,2,1,1,2,2,2,2,2,1,78,1,0.8,1,0.64,0.76,41,2,12,8,9,11,10,6,12,2,1,10,3,1,2,8,2,6,7,1,11,9,4,8,1,0,10,4,10,4,8,1,TRUE,FALSE,FALSE,FALSE,FALSE,7,6,5,8,10,7
org.apache.cassandra.thrift.Cassandra,MEDIUM,933,0.4,7,0.48,11,57,0.46,5,23,3,1,4,0.54,1,4,0,1,1,2,2,1,1,0,1,64,23,0.68,50,0.19,0.67,94,2,4,6,3,8,0,3,6,8,0,0,7,9,5,2,11,12,12,4,2,9,5,6,2,0,3,4,9,4,8,12,FALSE,FALSE,FALSE,FALSE,FALSE,12,9,11,10,10,0
org.apache.cassandra.thrift.CassandraServer,MEDIUM,936,0.4,21,0.52,11,55,0.5,5,30,7,1,4,0.49,1,4,1,0,1,2,1,2,0,1,1,89,3,0.34,51,0.15,0.59,47,2,12,8,9,3,8,8,9,9,11,4,10,10,1,11,9,10,8,0,1,1,10,4,7,3,11,11,2,12,3,10,FALSE,FALSE,FALSE,FALSE,FALSE,7,5,2,2,12,3
org.apache.cassandra.thrift.CfDef,MEDIUM,895,0.54,12,0.52,10,51,0.43,10,24,4,2,6,0.51,0,1,0,1,2,2,1,0,2,0,1,95,33,0.27,41,0.14,0.81,8,6,4,10,6,2,10,2,3,0,12,9,12,0,6,6,10,8,6,0,11,3,12,2,3,11,2,11,6,4,4,8,FALSE,FALSE,FALSE,FALSE,FALSE,4,6,11,6,8,12
org.apache.cassandra.thrift.ColumnDef,MEDIUM,910,0.35,12,0.5,6,67,0.38,4,32,5,1,6,0.53,1,2,0,1,2,2,2,0,2,0,2,105,41,0.45,46,0.47,0.45,44,9,11,5,5,1,0,5,6,2,6,3,2,1,4,2,8,8,1,1,5,12,4,4,6,5,1,12,6,5,4,9,FALSE,FALSE,FALSE,FALSE,FALSE,6,3,4,5,5,2
org.apache.cassandra.thrift.ColumnOrSuperColumn,MEDIUM,984,0.54,21,0.44,7,51,0.42,6,39,7,2,3,0.41,0,7,2,0,2,2,2,1,0,1,1,54,30,0.88,4,0.67,0.71,30,2,3,1,11,8,2,6,0,12,11,3,3,10,6,11,0,8,5,2,11,6,1,11,6,9,1,12,12,10,10,10,FALSE,FALSE,FALSE,FALSE,FALSE,0,9,10,8,7,9
org.apache.cassandra.thrift.CqlMetadata,MEDIUM,1064,0.58,19,0.5,5,40,0.46,8,18,3,4,3,0.49,0,10,1,2,0,0,0,1,2,2,1,78,16,0.7,25,0.49,0.67,47,2,5,6,12,4,2,0,6,4,8,2,3,12,1,5,3,11,12,3,1,11,1,9,2,10,3,9,9,5,11,1,FALSE,FALSE,FALSE,FALSE,FALSE,11,1,7,12,11,8
org.apache.cassandra.thrift.CqlPreparedResult,MEDIUM,1102,0.65,7,0.47,5,53,0.46,4,41,5,4,5,0.41,0,6,1,2,2,2,1,1,2,1,0,120,15,0.88,29,0.03,0.21,41,5,11,10,8,5,5,8,9,2,2,6,9,9,6,6,1,1,12,8,5,0,4,12,5,10,11,6,12,4,5,12,FALSE,FALSE,FALSE,FALSE,FALSE,1,12,12,9,8,12
org.apache.cassandra.thrift.CqlResult,MEDIUM,1019,0.43,8,0.5,9,40,0.42,10,14,6,2,7,0.51,0,8,1,1,0,1,2,1,2,2,0,57,20,0.34,6,0.85,0.78,81,0,5,11,11,9,5,10,11,11,2,10,7,0,8,2,0,8,10,5,11,5,4,6,1,10,0,11,1,0,10,6,FALSE,FALSE,FALSE,FALSE,FALSE,7,5,6,5,0,12
org.apache.cassandra.thrift.KeyRange,MEDIUM,1103,0.22,12,0.5,10,64,0.35,5,15,3,4,3,0.43,0,2,2,2,0,2,0,1,2,0,2,50,5,0.26,39,0.57,0.56,40,8,2,5,9,1,9,10,6,1,6,11,2,0,0,6,4,6,6,9,5,4,7,11,2,2,3,3,10,10,7,10,FALSE,FALSE,FALSE,FALSE,FALSE,12,1,1,6,12,6
org.apache.cassandra.thrift.KsDef,MEDIUM,902,0.31,15,0.52,5,69,0.39,5,15,5,3,4,0.48,0,10,0,0,2,1,0,2,2,2,0,79,23,0.3,55,0.36,0.08,92,6,7,6,6,5,2,9,11,1,8,0,2,8,10,7,12,2,3,7,7,5,2,2,5,10,5,12,4,1,6,12,FALSE,FALSE,FALSE,FALSE,FALSE,1,9,6,4,0,1
org.apache.cassandra.thrift.MultiSliceRequest,MEDIUM,1036,0.61,19,0.52,5,53,0.42,2,21,6,2,6,0.45,2,6,0,0,2,0,2,1,1,2,0,91,23,0.63,26,0.41,0.05,93,5,9,5,8,5,4,2,3,6,0,10,4,2,5,2,7,12,2,9,12,0,1,1,12,11,2,8,0,2,11,8,FALSE,FALSE,FALSE,FALSE,FALSE,10,12,3,11,12,3
org.apache.cassandra.thrift.TokenRange,MEDIUM,941,0.28,18,0.45,9,70,0.47,3,10,4,2,5,0.41,1,1,1,2,1,2,1,1,2,2,2,73,7,0.66,47,0.14,0.89,34,5,9,1,4,4,5,8,10,5,8,1,5,0,4,6,2,11,1,3,5,3,2,11,2,2,7,7,6,10,5,4,FALSE,FALSE,FALSE,FALSE,FALSE,10,0,4,4,4,4
org.apache.cassandra.tools.NodeProbe,MEDIUM,985,0.41,14,0.54,7,51,0.44,9,34,4,4,5,0.4,0,9,2,0,0,2,1,2,2,2,0,30,9,0.61,24,0.1,0.97,38,10,0,0,4,7,12,7,6,4,3,6,3,8,10,5,1,5,10,5,11,3,6,4,3,3,1,8,7,5,5,1,FALSE,FALSE,FALSE,FALSE,FALSE,10,6,5,5,10,11
org.apache.cassandra.utils.MerkleTree,MEDIUM,976,0.41,16,0.54,10,66,0.46,7,28,3,2,3,0.54,3,6,1,0,1,1,0,0,1,2,0,60,16,0.21,47,0.98,0.64,52,6,0,11,7,4,6,0,8,6,1,11,12,0,6,7,6,10,0,2,12,10,12,6,8,2,2,2,9,6,8,5,FALSE,FALSE,FALSE,TRUE,FALSE,4,0,11,2,9,5
org.apache.jackrabbit.api.security.user.UserManagerSearchTest,MEDIUM,897,0.65,13,0.51,6,57,0.41,5,26,6,1,4,0.41,2,6,2,2,0,2,1,2,0,0,0,109,41,0.9,13,0.5,0.03,36,4,4,5,11,5,3,2,2,0,3,4,9,3,1,3,4,10,2,7,7,11,1,11,9,5,8,8,0,1,5,11,TRUE,FALSE,TRUE,FALSE,FALSE,7,8,7,5,3,6
org.apache.jackrabbit.api.security.user.UserManagerSearchTest,SEVERE,1012,0.16,17,0.49,5,63,0.02,3,15,6,1,15,0.55,2,6,2,2,0,2,1,2,0,0,0,109,41,0.9,13,0.5,0.03,36,4,4,5,11,5,3,2,2,0,3,4,9,3,1,3,4,10,2,7,7,11,1,11,9,5,8,8,0,1,5,11,TRUE,FALSE,TRUE,FALSE,FALSE,12,7,2,12,4,8
org.apache.jackrabbit.commons.AbstractNode,MEDIUM,971,0.27,17,0.49,11,72,0.36,3,37,3,4,4,0.52,2,5,0,0,1,1,1,2,1,0,0,63,26,0.35,43,0.21,0.9,95,5,5,5,9,1,10,6,3,0,10,0,11,3,1,11,9,5,5,10,4,10,9,12,7,2,6,0,0,0,5,5,FALSE,FALSE,FALSE,FALSE,FALSE,1,7,3,12,2,10
org.apache.jackrabbit.commons.AbstractNode,SEVERE,1033,0.26,21,0.52,11,72,0.02,7,13,3,3,15,0.49,2,5,0,0,1,1,1,2,1,0,0,63,26,0.35,43,0.21,0.9,95,5,5,5,9,1,10,6,3,0,10,0,11,3,1,11,9,5,5,10,4,10,9,12,7,2,6,0,0,0,5,5,FALSE,FALSE,FALSE,FALSE,FALSE,12,0,12,4,0,7
org.apache.jackrabbit.commons.cnd.CompactNodeTypeDefReader,MEDIUM,960,0.56,13,0.44,6,61,0.42,4,42,4,3,6,0.52,0,8,1,1,1,0,1,1,0,2,0,107,39,0.74,54,0.34,0.85,25,5,8,6,11,0,12,8,7,4,8,11,8,0,8,2,8,6,0,7,0,1,4,5,0,0,8,10,1,2,2,7,FALSE,FALSE,FALSE,FALSE,FALSE,10,5,10,5,11,4
org.apache.jackrabbit.commons.cnd.CompactNodeTypeDefReader,SEVERE,936,0.2,9,0.49,9,55,0.08,9,14,6,3,6,0.45,0,8,1,1,1,0,1,1,0,2,0,107,39,0.74,54,0.34,0.85,25,5,8,6,11,0,12,8,7,4,8,11,8,0,8,2,8,6,0,7,0,1,4,5,0,0,8,10,1,2,2,7,FALSE,FALSE,FALSE,FALSE,FALSE,6,5,12,4,1,10
org.apache.jackrabbit.commons.JcrUtils,MEDIUM,1022,0.21,19,0.55,11,62,0.45,5,11,5,3,6,0.43,1,9,0,2,2,0,0,1,1,1,0,40,37,0.5,1,0.87,0.11,69,8,2,2,11,4,1,10,4,11,1,3,10,12,11,12,4,5,11,5,9,11,3,7,7,6,11,5,7,10,9,0,FALSE,FALSE,FALSE,TRUE,FALSE,5,11,1,5,12,11
org.apache.jackrabbit.commons.JcrUtils,SEVERE,1109,0.18,19,0.46,7,64,0.05,7,8,5,4,13,0.48,1,9,0,2,2,0,0,1,1,1,0,40,37,0.5,1,0.87,0.11,69,8,2,2,11,4,1,10,4,11,1,3,10,12,11,12,4,5,11,5,9,11,3,7,7,6,11,5,7,10,9,0,FALSE,FALSE,FALSE,TRUE,FALSE,9,0,8,0,2,4
org.apache.jackrabbit.commons.query.GQL,MEDIUM,914,0.21,11,0.43,9,48,0.46,8,31,6,4,3,0.47,2,10,1,2,0,0,1,0,0,2,0,65,27,0.53,31,0.49,0.4,95,12,10,5,4,8,10,8,9,1,9,8,11,5,9,5,5,7,10,8,12,8,6,2,6,8,11,6,11,4,7,8,FALSE,FALSE,FALSE,FALSE,FALSE,10,0,1,11,1,7
org.apache.jackrabbit.commons.query.GQL,SEVERE,982,0.37,8,0.44,9,65,0.05,7,26,5,4,18,0.44,2,10,1,2,0,0,1,0,0,2,0,65,27,0.53,31,0.49,0.4,95,12,10,5,4,8,10,8,9,1,9,8,11,5,9,5,5,7,10,8,12,8,6,2,6,8,11,6,11,4,7,8,FALSE,FALSE,FALSE,FALSE,FALSE,2,3,4,7,1,10
org.apache.jackrabbit.commons.query.sql2.Parser,MEDIUM,991,0.22,19,0.51,7,66,0.41,7,30,6,1,3,0.41,0,7,1,0,1,0,1,1,0,2,0,116,4,0.87,5,0.91,0.53,19,11,10,1,7,10,7,9,5,12,5,12,2,3,6,2,2,8,10,11,5,3,7,1,8,2,3,10,4,10,2,9,TRUE,FALSE,FALSE,FALSE,FALSE,9,9,9,6,7,3
org.apache.jackrabbit.commons.query.sql2.Parser,SEVERE,986,0.08,19,0.51,8,58,0.08,2,25,3,3,12,0.44,0,7,1,0,1,0,1,1,0,2,0,116,4,0.87,5,0.91,0.53,19,11,10,1,7,10,7,9,5,12,5,12,2,3,6,2,2,8,10,11,5,3,7,1,8,2,3,10,4,10,2,9,TRUE,FALSE,FALSE,FALSE,FALSE,10,2,10,11,12,12
org.apache.jackrabbit.core.BatchedItemOperations,MEDIUM,989,0.34,19,0.43,6,64,0.43,6,7,6,2,4,0.5,0,1,1,0,2,1,2,2,0,1,0,60,27,0.07,37,0.1,0.85,18,11,6,2,2,6,2,8,0,1,1,7,1,9,11,10,9,1,10,12,9,6,9,11,8,11,10,7,12,9,12,7,FALSE,TRUE,FALSE,FALSE,FALSE,0,4,4,10,0,11
org.apache.jackrabbit.core.BatchedItemOperations,SEVERE,1082,0.36,9,0.44,8,62,0.07,6,34,4,1,15,0.4,0,1,1,0,2,1,2,2,0,1,0,60,27,0.07,37,0.1,0.85,18,11,6,2,2,6,2,8,0,1,1,7,1,9,11,10,9,1,10,12,9,6,9,11,8,11,10,7,12,9,12,7,FALSE,TRUE,FALSE,FALSE,FALSE,12,0,3,6,9,10
org.apache.jackrabbit.core.CachingHierarchyManager,MEDIUM,914,0.25,19,0.52,7,69,0.48,4,8,4,4,4,0.55,0,10,1,0,2,1,2,0,0,1,0,69,52,0.78,4,0.32,0.15,46,0,4,5,4,7,8,11,10,7,10,11,12,1,12,10,7,0,1,6,0,5,11,3,5,12,8,5,0,8,1,12,TRUE,FALSE,FALSE,FALSE,FALSE,4,8,10,2,12,11
org.apache.jackrabbit.core.CachingHierarchyManager,SEVERE,952,0.38,10,0.48,9,71,0.12,8,14,6,1,8,0.44,0,10,1,0,2,1,2,0,0,1,0,69,52,0.78,4,0.32,0.15,46,0,4,5,4,7,8,11,10,7,10,11,12,1,12,10,7,0,1,6,0,5,11,3,5,12,8,5,0,8,1,12,TRUE,FALSE,FALSE,FALSE,FALSE,11,4,8,0,11,9
org.apache.jackrabbit.core.cluster.ClusterNode,MEDIUM,1017,0.26,8,0.45,10,62,0.47,7,23,6,2,4,0.5,1,10,1,0,2,1,0,1,0,2,0,102,29,0.13,11,0.53,0.15,27,3,12,8,11,1,10,6,5,11,3,11,5,3,11,0,0,6,6,3,9,7,3,11,9,7,3,3,3,8,12,2,FALSE,TRUE,FALSE,FALSE,FALSE,9,12,12,1,0,11
org.apache.jackrabbit.core.cluster.ClusterNode,SEVERE,959,0.1,7,0.48,11,47,0.07,7,36,7,1,15,0.48,1,10,1,0,2,1,0,1,0,2,0,102,29,0.13,11,0.53,0.15,27,3,12,8,11,1,10,6,5,11,3,11,5,3,11,0,0,6,6,3,9,7,3,11,9,7,3,3,3,8,12,2,FALSE,TRUE,FALSE,FALSE,FALSE,8,2,6,7,9,7
org.apache.jackrabbit.core.config.RepositoryConfig,MEDIUM,996,0.35,11,0.49,11,42,0.5,5,20,3,3,7,0.5,0,10,0,1,0,2,0,0,2,2,0,47,40,0.08,21,0.05,0.58,2,8,12,0,0,1,0,12,6,4,11,7,4,7,11,12,10,9,6,7,10,7,9,10,5,3,5,8,7,2,4,5,FALSE,FALSE,FALSE,FALSE,FALSE,5,3,0,5,8,9
org.apache.jackrabbit.core.config.RepositoryConfig,SEVERE,997,0.18,9,0.51,8,39,0.04,8,21,3,2,12,0.46,0,10,0,1,0,2,0,0,2,2,0,47,40,0.08,21,0.05,0.58,2,8,12,0,0,1,0,12,6,4,11,7,4,7,11,12,10,9,6,7,10,7,9,10,5,3,5,8,7,2,4,5,FALSE,FALSE,FALSE,FALSE,FALSE,8,7,12,9,3,4
org.apache.jackrabbit.core.config.RepositoryConfigurationParser,MEDIUM,1102,0.27,17,0.55,9,58,0.5,9,19,3,2,3,0.42,3,0,2,2,0,0,2,2,2,0,2,86,49,0.76,39,0.4,0.96,10,8,4,7,10,3,7,6,9,6,6,11,11,10,0,2,4,4,5,9,9,6,1,0,6,12,10,10,6,10,8,6,TRUE,FALSE,FALSE,FALSE,FALSE,10,3,4,4,12,8
org.apache.jackrabbit.core.config.RepositoryConfigurationParser,SEVERE,1040,0.26,9,0.54,8,72,0.06,8,38,3,3,13,0.45,3,0,2,2,0,0,2,2,2,0,2,86,49,0.76,39,0.4,0.96,10,8,4,7,10,3,7,6,9,6,6,11,11,10,0,2,4,4,5,9,9,6,1,0,6,12,10,10,6,10,8,6,TRUE,FALSE,FALSE,FALSE,FALSE,10,2,1,10,7,10
org.apache.jackrabbit.core.data.db.DbDataStore,MEDIUM,952,0.24,19,0.5,9,44,0.48,9,11,7,4,4,0.46,0,1,1,0,2,0,0,2,1,2,2,77,2,0.85,36,0.18,0.51,39,5,6,11,9,7,7,2,6,8,9,4,8,10,4,3,1,1,12,7,1,11,0,4,6,1,9,3,2,5,11,5,FALSE,FALSE,FALSE,FALSE,FALSE,2,2,12,4,4,2
org.apache.jackrabbit.core.data.db.DbDataStore,SEVERE,996,0.08,15,0.47,10,56,0.05,5,23,3,4,17,0.51,0,1,1,0,2,0,0,2,1,2,2,77,2,0.85,36,0.18,0.51,39,5,6,11,9,7,7,2,6,8,9,4,8,10,4,3,1,1,12,7,1,11,0,4,6,1,9,3,2,5,11,5,FALSE,FALSE,FALSE,FALSE,FALSE,9,12,2,6,10,1
org.apache.jackrabbit.core.fs.db.DatabaseFileSystem,MEDIUM,965,0.45,15,0.5,9,47,0.49,8,17,4,3,4,0.52,1,5,2,2,2,0,1,2,2,1,0,85,30,0.12,32,0.06,0.03,57,7,4,2,11,0,2,12,7,0,0,7,10,9,12,0,7,9,8,4,3,7,10,1,4,7,3,1,1,9,1,6,TRUE,FALSE,FALSE,FALSE,FALSE,5,5,12,5,5,5
org.apache.jackrabbit.core.fs.db.DatabaseFileSystem,SEVERE,913,0.13,19,0.52,10,40,0.12,6,15,5,3,8,0.41,1,5,2,2,2,0,1,2,2,1,0,85,30,0.12,32,0.06,0.03,57,7,4,2,11,0,2,12,7,0,0,7,10,9,12,0,7,9,8,4,3,7,10,1,4,7,3,1,1,9,1,6,TRUE,FALSE,FALSE,FALSE,FALSE,8,2,2,4,5,7
org.apache.jackrabbit.core.ItemManager,MEDIUM,996,0.4,15,0.46,5,58,0.43,2,24,3,1,6,0.52,1,3,2,0,1,2,1,0,2,0,0,95,23,0.19,44,0.09,0.33,59,5,0,2,6,5,9,4,10,3,10,4,2,7,4,7,7,0,7,7,10,4,2,1,4,4,8,7,4,9,1,0,TRUE,FALSE,FALSE,FALSE,FALSE,9,7,10,4,9,8
org.apache.jackrabbit.core.ItemManager,SEVERE,1006,0.06,8,0.5,9,68,0.11,7,42,3,3,6,0.42,1,3,2,0,1,2,1,0,2,0,0,95,23,0.19,44,0.09,0.33,59,5,0,2,6,5,9,4,10,3,10,4,2,7,4,7,7,0,7,7,10,4,2,1,4,4,8,7,4,9,1,0,TRUE,FALSE,FALSE,FALSE,FALSE,10,2,3,11,3,0
org.apache.jackrabbit.core.journal.DatabaseJournal,NON-SEVERE,895,0.52,18,0.48,7,54,0.41,4,13,5,3,6,0.49,1,4,2,2,0,0,1,0,1,2,0,99,54,0.22,41,0.64,1,49,7,10,7,8,11,4,7,0,10,8,5,8,8,0,5,7,6,8,3,12,2,12,10,12,5,10,0,7,4,0,11,FALSE,FALSE,FALSE,FALSE,FALSE,9,4,5,2,12,1
org.apache.jackrabbit.core.journal.DatabaseJournal,SEVERE,968,0.26,18,0.43,6,69,0.04,4,37,7,2,15,0.45,1,4,2,2,0,0,1,0,1,2,0,99,54,0.22,41,0.64,1,49,7,10,7,8,11,4,7,0,10,8,5,8,8,0,5,7,6,8,3,12,2,12,10,12,5,10,0,7,4,0,11,FALSE,FALSE,FALSE,FALSE,FALSE,3,6,3,9,8,6
org.apache.jackrabbit.core.lock.LockManagerImpl,NON-SEVERE,1063,0.26,16,0.47,9,48,0.39,6,26,7,4,6,0.42,3,10,2,2,2,1,2,1,1,2,0,36,52,0.16,28,0.41,0.97,5,3,10,6,3,0,8,9,5,3,1,7,2,2,7,12,6,9,8,11,2,4,2,11,8,11,12,12,7,4,1,2,TRUE,FALSE,FALSE,FALSE,FALSE,4,5,8,0,7,8
org.apache.jackrabbit.core.lock.LockManagerImpl,SEVERE,1109,0.18,11,0.55,7,68,0.1,5,24,3,3,14,0.55,3,10,2,2,2,1,2,1,1,2,0,36,52,0.16,28,0.41,0.97,5,3,10,6,3,0,8,9,5,3,1,7,2,2,7,12,6,9,8,11,2,4,2,11,8,11,12,12,7,4,1,2,TRUE,FALSE,FALSE,FALSE,FALSE,0,1,11,7,3,5
org.apache.jackrabbit.core.NodeImpl,MEDIUM,1066,0.08,12,0.48,6,45,0.07,9,28,3,1,8,0.51,3,0,2,1,0,0,2,0,1,0,1,115,42,0.89,18,0.2,0.85,33,0,1,2,1,1,4,0,8,1,11,12,0,11,3,8,5,7,5,3,9,2,12,9,8,3,5,3,10,9,7,2,FALSE,FALSE,FALSE,FALSE,FALSE,6,10,5,9,7,7
org.apache.jackrabbit.core.NodeImpl,MEDIUM,918,0.62,17,0.48,11,40,0.5,5,10,5,4,7,0.51,3,0,2,1,0,0,2,0,1,0,1,115,42,0.89,18,0.2,0.85,33,0,1,2,1,1,4,0,8,1,11,12,0,11,3,8,5,7,5,3,9,2,12,9,8,3,5,3,10,9,7,2,FALSE,FALSE,FALSE,FALSE,FALSE,8,1,4,8,0,10
org.apache.jackrabbit.core.nodetype.EffectiveNodeType,NON-SEVERE,1037,0.69,7,0.54,5,70,0.87,5,18,7,3,2,0.45,0,1,2,0,0,2,0,2,2,1,0,63,28,0.87,1,0.04,0.55,87,6,10,7,6,8,8,1,0,1,5,1,4,7,2,10,1,7,12,8,11,0,10,0,11,3,6,3,5,9,12,2,FALSE,FALSE,FALSE,FALSE,FALSE,9,4,10,3,1,4
org.apache.jackrabbit.core.nodetype.EffectiveNodeType,SEVERE,1064,0.36,20,0.43,8,61,0.04,6,35,7,1,13,0.42,0,1,2,0,0,2,0,2,2,1,0,63,28,0.87,1,0.04,0.55,87,6,10,7,6,8,8,1,0,1,5,1,4,7,2,10,1,7,12,8,11,0,10,0,11,3,6,3,5,9,12,2,FALSE,FALSE,FALSE,FALSE,FALSE,9,5,12,10,0,12
org.apache.jackrabbit.core.nodetype.NodeTypeRegistry,NON-SEVERE,956,0.69,16,0.5,10,59,0.82,7,25,4,2,0,0.5,3,6,2,2,0,1,0,2,1,1,0,106,38,0.44,43,0.02,0.44,44,6,9,3,5,7,9,2,7,3,7,0,3,11,10,12,5,6,9,0,7,3,4,5,10,6,11,12,11,12,2,11,FALSE,FALSE,FALSE,FALSE,FALSE,0,5,9,7,1,7
org.apache.jackrabbit.core.nodetype.NodeTypeRegistry,SEVERE,976,0.31,21,0.47,9,43,0.02,8,32,7,1,6,0.42,3,6,2,2,0,1,0,2,1,1,0,106,38,0.44,43,0.02,0.44,44,6,9,3,5,7,9,2,7,3,7,0,3,11,10,12,5,6,9,0,7,3,4,5,10,6,11,12,11,12,2,11,FALSE,FALSE,FALSE,FALSE,FALSE,1037,62,6560,5860,138536,28
org.apache.jackrabbit.core.observation.EventState,NON-SEVERE,991,0.31,20,0.45,7,49,0.44,7,15,7,2,6,0.54,0,3,2,1,1,0,1,1,0,2,1,88,5,0.5,48,0.81,0.81,79,2,11,7,6,2,11,4,1,12,3,0,11,4,12,10,6,11,10,1,8,3,0,6,5,7,1,0,7,7,1,8,FALSE,FALSE,FALSE,FALSE,FALSE,6,9,2,1,6,9
org.apache.jackrabbit.core.observation.EventState,SEVERE,1057,0.25,10,0.48,11,51,0.05,4,18,5,3,12,0.42,0,3,2,1,1,0,1,1,0,2,1,88,5,0.5,48,0.81,0.81,79,2,11,7,6,2,11,4,1,12,3,0,11,4,12,10,6,11,10,1,8,3,0,6,5,7,1,0,7,7,1,8,FALSE,FALSE,FALSE,FALSE,FALSE,1037,62,6560,5860,138536,28
org.apache.jackrabbit.core.persistence.bundle.AbstractBundlePersistenceManager,NON-SEVERE,976,0.71,20,0.52,7,50,0.85,8,42,5,4,1,0.54,1,3,2,0,0,1,1,0,0,1,1,120,14,0.88,17,0.16,0.68,70,9,8,3,3,4,11,1,9,4,3,9,0,10,5,2,7,0,8,6,7,4,6,1,0,12,4,4,3,11,7,7,TRUE,FALSE,FALSE,FALSE,FALSE,3,10,9,9,7,2
org.apache.jackrabbit.core.persistence.bundle.AbstractBundlePersistenceManager,SEVERE,1072,0.12,21,0.52,5,48,0.11,2,17,6,4,17,0.47,1,3,2,0,0,1,1,0,0,1,1,120,14,0.88,17,0.16,0.68,70,9,8,3,3,4,11,1,9,4,3,9,0,10,5,2,7,0,8,6,7,4,6,1,0,12,4,4,3,11,7,7,TRUE,FALSE,FALSE,FALSE,FALSE,1037,62,6560,5860,138536,28
org.apache.jackrabbit.core.persistence.db.DatabasePersistenceManager,NON-SEVERE,901,0.32,20,0.5,8,46,0.43,3,34,6,2,4,0.4,0,6,1,2,2,2,0,1,1,1,0,47,14,0.21,10,0.99,0.87,84,11,3,11,10,4,3,1,2,0,1,5,3,12,9,1,11,7,3,5,11,1,4,7,3,6,3,7,10,10,11,4,TRUE,FALSE,FALSE,FALSE,FALSE,7,12,9,7,3,4
org.apache.jackrabbit.core.persistence.db.DatabasePersistenceManager,SEVERE,1030,0.14,12,0.42,11,56,0.03,8,34,5,2,17,0.44,0,6,1,2,2,2,0,1,1,1,0,47,14,0.21,10,0.99,0.87,84,11,3,11,10,4,3,1,2,0,1,5,3,12,9,1,11,7,3,5,11,1,4,7,3,6,3,7,10,10,11,4,TRUE,FALSE,FALSE,FALSE,FALSE,1037,62,6560,5860,138536,28
org.apache.jackrabbit.core.persistence.pool.BundleDbPersistenceManager,NON-SEVERE,969,0.47,10,0.46,6,63,0.41,5,23,3,2,4,0.41,2,3,2,0,0,0,0,1,1,2,0,43,30,0.47,31,0.86,0.82,61,12,9,3,0,9,3,6,11,8,4,5,2,2,7,4,12,6,2,8,6,3,0,6,12,12,6,10,10,8,8,6,TRUE,FALSE,FALSE,FALSE,FALSE,10,10,2,2,0,12
org.apache.jackrabbit.core.persistence.pool.BundleDbPersistenceManager,SEVERE,998,0.17,12,0.47,5,63,0.08,2,9,5,2,18,0.47,2,3,2,0,0,0,0,1,1,2,0,43,30,0.47,31,0.86,0.82,61,12,9,3,0,9,3,6,11,8,4,5,2,2,7,4,12,6,2,8,6,3,0,6,12,12,6,10,10,8,8,6,TRUE,FALSE,FALSE,FALSE,FALSE,1188,117,6818,5763,109035,183
org.apache.jackrabbit.core.persistence.xml.XMLPersistenceManager,NON-SEVERE,967,0.75,7,0.5,9,39,0.73,3,11,3,2,0,0.44,1,2,2,1,2,1,1,1,1,2,1,74,1,0.98,40,0.38,0.27,75,10,2,5,3,4,0,1,2,1,12,2,1,5,5,3,11,6,3,12,12,11,4,3,9,12,5,7,5,5,1,3,TRUE,FALSE,FALSE,FALSE,FALSE,4,9,10,12,4,1
org.apache.jackrabbit.core.persistence.xml.XMLPersistenceManager,SEVERE,1039,0.3,9,0.41,5,49,0.05,10,34,4,1,10,0.53,1,2,2,1,2,1,1,1,1,2,1,74,1,0.98,40,0.38,0.27,75,10,2,5,3,4,0,1,2,1,12,2,1,5,5,3,11,6,3,12,12,11,4,3,9,12,5,7,5,5,1,3,TRUE,FALSE,FALSE,FALSE,FALSE,1188,117,6818,5763,109035,183
org.apache.jackrabbit.core.PropertyImpl,MEDIUM,1005,0.21,7,0.44,9,52,0.1,8,14,5,4,12,0.52,0,9,2,0,2,1,1,1,2,1,0,64,6,0.87,26,0.1,0.91,99,10,12,5,8,7,12,10,9,5,1,2,4,9,1,12,10,2,1,0,2,10,0,1,8,11,8,3,10,4,10,4,FALSE,FALSE,FALSE,FALSE,FALSE,5,4,0,7,1,7
org.apache.jackrabbit.core.PropertyImpl,MEDIUM,1020,0.57,20,0.49,6,42,0.46,8,39,7,1,3,0.49,0,9,2,0,2,1,1,1,2,1,0,64,6,0.87,26,0.1,0.91,99,10,12,5,8,7,12,10,9,5,1,2,4,9,1,12,10,2,1,0,2,10,0,1,8,11,8,3,10,4,10,4,FALSE,FALSE,FALSE,FALSE,FALSE,3,8,1,8,2,12
org.apache.jackrabbit.core.query.lucene.ConsistencyCheck,NON-SEVERE,924,0.26,13,0.44,6,62,0.38,2,39,3,4,6,0.47,1,1,0,2,0,1,2,0,0,1,0,94,14,0.62,10,0.27,0.42,36,10,9,12,7,0,7,10,1,6,10,1,10,12,4,1,11,2,10,9,4,9,12,10,6,6,9,12,11,7,0,9,FALSE,FALSE,FALSE,FALSE,FALSE,7,2,6,2,6,9
org.apache.jackrabbit.core.query.lucene.ConsistencyCheck,SEVERE,933,0.1,16,0.54,11,70,0.07,2,22,3,2,15,0.43,1,1,0,2,0,1,2,0,0,1,0,94,14,0.62,10,0.27,0.42,36,10,9,12,7,0,7,10,1,6,10,1,10,12,4,1,11,2,10,9,4,9,12,10,6,6,9,12,11,7,0,9,FALSE,FALSE,FALSE,FALSE,FALSE,1188,117,6818,5763,109035,183
org.apache.jackrabbit.core.query.lucene.IndexingConfigurationImpl,NON-SEVERE,1000,0.7,19,0.44,7,39,0.71,7,36,4,3,2,0.45,2,11,0,45,1,13,10,34,15,12,2,1157,17,0.44367,0,0.913636,0.744186,121,28,229,3,9478,319,0,0,12,0,3,0,0,0,15,0,0,43,1,1,0,1,0,44,0,0,1,0,44,32,0,2,FALSE,FALSE,FALSE,FALSE,FALSE,1171,66,10384,8750,312068,42
org.apache.jackrabbit.core.query.lucene.IndexingConfigurationImpl,SEVERE,989,0.09,16,0.42,10,43,0.09,7,25,7,2,16,0.42,2,11,0,45,1,13,10,34,15,12,2,1157,17,0.44367,0,0.913636,0.744186,121,28,229,3,9478,319,0,0,12,0,3,0,0,0,15,0,0,43,1,1,0,1,0,44,0,0,1,0,44,32,0,2,FALSE,FALSE,FALSE,FALSE,FALSE,1188,117,6818,5763,109035,183
org.apache.jackrabbit.core.query.lucene.LuceneQueryBuilder,MEDIUM,1101,0.41,15,0.5,10,64,0.39,5,14,6,4,5,0.41,1,3,0,1,0,0,2,1,2,1,0,30,20,0.49,28,0.18,0.84,15,2,4,3,9,9,2,4,12,4,2,5,10,0,1,10,3,4,9,8,4,12,8,10,9,5,5,0,2,7,4,9,TRUE,FALSE,FALSE,FALSE,FALSE,10,11,4,3,1,0
org.apache.jackrabbit.core.query.lucene.LuceneQueryBuilder,SEVERE,1051,0.16,20,0.48,6,60,0.09,2,42,6,2,9,0.48,1,3,0,1,0,0,2,1,2,1,0,30,20,0.49,28,0.18,0.84,15,2,4,3,9,9,2,4,12,4,2,5,10,0,1,10,3,4,9,8,4,12,8,10,9,5,5,0,2,7,4,9,TRUE,FALSE,FALSE,FALSE,FALSE,968,54,7232,6313,104357,64
org.apache.jackrabbit.core.query.lucene.MoreLikeThis,MEDIUM,1073,0.24,20,0.5,8,41,0.37,5,13,4,4,3,0.5,0,0,1,0,2,0,0,1,0,0,0,52,49,0.41,37,0.07,0.38,52,12,7,10,6,9,5,5,1,4,2,6,4,2,4,4,11,1,6,8,0,7,12,3,7,4,5,5,3,1,1,8,FALSE,FALSE,FALSE,FALSE,FALSE,4,0,7,7,3,11
org.apache.jackrabbit.core.query.lucene.MoreLikeThis,SEVERE,1089,0.24,14,0.54,9,56,0.02,6,40,7,1,7,0.42,0,0,1,0,2,0,0,1,0,0,0,52,49,0.41,37,0.07,0.38,52,12,7,10,6,9,5,5,1,4,2,6,4,2,4,4,11,1,6,8,0,7,12,3,7,4,5,5,3,1,1,8,FALSE,FALSE,FALSE,FALSE,FALSE,968,54,7232,6313,104357,64
org.apache.jackrabbit.core.query.lucene.MultiIndex,MEDIUM,1094,0.61,18,0.53,8,72,0.37,4,33,3,1,4,0.45,1,9,1,0,1,2,1,1,0,1,0,46,3,0.82,50,0.39,0.49,5,7,11,4,12,12,11,12,5,10,9,3,0,2,10,9,6,6,11,2,1,2,2,8,11,0,12,5,0,8,10,11,FALSE,FALSE,FALSE,FALSE,FALSE,8,5,0,7,1,9
org.apache.jackrabbit.core.query.lucene.MultiIndex,SEVERE,1081,0.35,14,0.44,5,67,0.02,9,17,6,1,18,0.4,1,9,1,0,1,2,1,1,0,1,0,46,3,0.82,50,0.39,0.49,5,7,11,4,12,12,11,12,5,10,9,3,0,2,10,9,6,6,11,2,1,2,2,8,11,0,12,5,0,8,10,11,FALSE,FALSE,FALSE,FALSE,FALSE,968,54,7232,6313,104357,64
org.apache.jackrabbit.core.query.lucene.NodeIndexer,MEDIUM,979,0.45,11,0.5,5,61,0.45,9,25,6,3,6,0.52,2,1,0,1,2,2,0,0,2,1,2,74,28,0.59,44,0.91,0.81,43,0,12,12,3,12,5,11,12,9,2,11,12,8,12,9,10,2,10,3,11,9,4,5,9,1,0,3,1,7,1,12,FALSE,FALSE,FALSE,FALSE,FALSE,5,10,5,5,11,6
org.apache.jackrabbit.core.query.lucene.NodeIndexer,SEVERE,1098,0.07,9,0.51,6,54,0.05,2,8,6,4,9,0.5,2,1,0,1,2,2,0,0,2,1,2,74,28,0.59,44,0.91,0.81,43,0,12,12,3,12,5,11,12,9,2,11,12,8,12,9,10,2,10,3,11,9,4,5,9,1,0,3,1,7,1,12,FALSE,FALSE,FALSE,FALSE,FALSE,968,54,7232,6313,104357,64
org.apache.jackrabbit.core.query.lucene.SearchIndex,MEDIUM,1080,0.55,15,0.53,6,69,0.41,9,16,3,1,7,0.49,3,10,0,0,0,1,0,1,2,0,0,35,43,0.49,23,0.73,0.32,14,10,6,12,4,4,5,8,5,7,2,11,6,7,4,12,6,5,10,6,1,12,2,6,1,0,12,6,12,4,4,5,FALSE,FALSE,FALSE,FALSE,FALSE,3,12,5,11,5,10
org.apache.jackrabbit.core.query.lucene.SearchIndex,SEVERE,1097,0.05,18,0.43,7,69,0.1,10,42,5,2,9,0.53,3,10,0,0,0,1,0,1,2,0,0,35,43,0.49,23,0.73,0.32,14,10,6,12,4,4,5,8,5,7,2,11,6,7,4,12,6,5,10,6,1,12,2,6,1,0,12,6,12,4,4,5,FALSE,FALSE,FALSE,FALSE,FALSE,968,54,7232,6313,104357,64
org.apache.jackrabbit.core.RepositoryImpl,MEDIUM,1093,0.15,13,0.5,8,67,0.11,2,36,5,1,13,0.4,0,3,0,1,0,1,0,2,0,0,0,53,33,0.87,52,0.22,0.37,48,0,10,3,5,5,12,5,12,0,9,4,8,4,11,6,0,9,6,1,6,11,6,12,4,11,3,8,5,2,5,5,FALSE,FALSE,FALSE,FALSE,FALSE,12,6,6,1,6,11
org.apache.jackrabbit.core.RepositoryImpl,MEDIUM,949,0.22,8,0.52,8,51,0.44,10,6,5,3,5,0.44,0,3,0,1,0,1,0,2,0,0,0,53,33,0.87,52,0.22,0.37,48,0,10,3,5,5,12,5,12,0,9,4,8,4,11,6,0,9,6,1,6,11,6,12,4,11,3,8,5,2,5,5,FALSE,FALSE,FALSE,FALSE,FALSE,3,0,3,1,12,4
org.apache.jackrabbit.core.security.authentication.AbstractLoginModule,MEDIUM,1014,0.49,18,0.48,7,59,0.42,3,36,5,2,5,0.52,2,10,0,0,2,2,2,0,1,1,0,70,9,0.64,30,0.56,0.09,85,5,7,11,0,12,4,0,9,4,11,11,6,11,1,3,10,10,5,10,6,0,6,2,9,1,1,0,9,11,5,10,FALSE,FALSE,FALSE,FALSE,FALSE,11,9,9,6,10,4
org.apache.jackrabbit.core.security.authentication.AbstractLoginModule,SEVERE,1004,0.35,18,0.51,7,40,0.06,2,22,5,4,17,0.54,2,10,0,0,2,2,2,0,1,1,0,70,9,0.64,30,0.56,0.09,85,5,7,11,0,12,4,0,9,4,11,11,6,11,1,3,10,10,5,10,6,0,6,2,9,1,1,0,9,11,5,10,FALSE,FALSE,FALSE,FALSE,FALSE,968,54,7232,6313,104357,64
org.apache.jackrabbit.core.security.authorization.AbstractWriteTest,MEDIUM,906,0.6,7,0.51,7,48,0.43,7,20,7,3,3,0.5,1,2,1,2,2,1,1,2,0,1,1,26,30,0.42,2,0.13,0.78,92,9,7,2,3,5,12,1,12,3,2,6,0,3,10,6,1,9,8,7,5,8,0,1,4,8,2,4,0,6,10,3,FALSE,FALSE,TRUE,FALSE,FALSE,11,0,1,6,5,11
org.apache.jackrabbit.core.security.authorization.AbstractWriteTest,SEVERE,985,0.1,17,0.48,11,40,0.03,10,16,6,3,18,0.45,1,2,1,2,2,1,1,2,0,1,1,26,30,0.42,2,0.13,0.78,92,9,7,2,3,5,12,1,12,3,2,6,0,3,10,6,1,9,8,7,5,8,0,1,4,8,2,4,0,6,10,3,FALSE,FALSE,TRUE,FALSE,FALSE,799,32,6880,5602,136533,22
org.apache.jackrabbit.core.security.authorization.PrivilegeRegistry,MEDIUM,897,0.57,18,0.46,5,66,0.42,8,25,4,3,4,0.46,1,10,0,2,1,1,2,1,1,0,1,89,38,0.48,13,0.42,0.3,48,6,10,9,10,9,10,1,4,11,7,2,4,11,0,3,10,8,10,12,0,0,7,3,1,12,8,1,4,11,10,5,FALSE,FALSE,FALSE,FALSE,FALSE,9,2,6,8,4,3
org.apache.jackrabbit.core.security.authorization.PrivilegeRegistry,SEVERE,975,0.17,8,0.55,5,49,0.06,5,24,7,2,11,0.46,1,10,0,2,1,1,2,1,1,0,1,89,38,0.48,13,0.42,0.3,48,6,10,9,10,9,10,1,4,11,7,2,4,11,0,3,10,8,10,12,0,0,7,3,1,12,8,1,4,11,10,5,FALSE,FALSE,FALSE,FALSE,FALSE,799,32,6880,5602,136533,22
org.apache.jackrabbit.core.security.user.GroupImpl,MEDIUM,1061,0.2,19,0.41,9,49,0.35,6,30,4,4,4,0.49,2,7,1,2,1,0,2,1,2,0,2,115,43,0.17,42,0.97,0.99,62,7,7,3,5,2,6,4,7,5,9,0,0,9,2,12,0,11,5,0,11,7,8,12,4,7,2,9,0,7,10,5,FALSE,FALSE,FALSE,FALSE,FALSE,12,9,3,2,2,11
org.apache.jackrabbit.core.security.user.GroupImpl,SEVERE,1090,0.19,21,0.46,8,68,0.11,7,19,6,2,10,0.45,2,7,1,2,1,0,2,1,2,0,2,115,43,0.17,42,0.97,0.99,62,7,7,3,5,2,6,4,7,5,9,0,0,9,2,12,0,11,5,0,11,7,8,12,4,7,2,9,0,7,10,5,FALSE,FALSE,FALSE,FALSE,FALSE,799,32,6880,5602,136533,22
org.apache.jackrabbit.core.security.user.UserImporterTest,MEDIUM,947,0.52,7,0.52,11,41,0.38,4,12,6,1,4,0.5,2,10,2,2,0,2,1,2,1,1,1,29,49,0.44,45,0.9,0.68,69,12,12,1,11,2,11,12,4,4,0,11,5,11,2,10,7,5,4,10,8,10,4,4,6,11,1,6,6,5,2,4,FALSE,FALSE,TRUE,FALSE,FALSE,4,10,1,5,7,10
org.apache.jackrabbit.core.security.user.UserImporterTest,SEVERE,1025,0.14,9,0.48,10,66,0.02,3,33,6,4,13,0.42,2,10,2,2,0,2,1,2,1,1,1,29,49,0.44,45,0.9,0.68,69,12,12,1,11,2,11,12,4,4,0,11,5,11,2,10,7,5,4,10,8,10,4,4,6,11,1,6,6,5,2,4,FALSE,FALSE,TRUE,FALSE,FALSE,799,32,6880,5602,136533,22
org.apache.jackrabbit.core.security.user.UserManagerImpl,MEDIUM,1080,0.61,18,0.42,7,62,0.47,6,13,7,4,5,0.43,0,3,1,0,0,2,2,1,1,2,1,58,29,0.85,35,0.29,0.38,72,4,3,2,2,12,0,5,12,12,3,3,2,11,6,3,12,11,3,7,10,6,0,9,9,7,8,3,10,9,1,3,TRUE,FALSE,FALSE,FALSE,FALSE,5,12,5,7,10,3
org.apache.jackrabbit.core.security.user.UserManagerImpl,SEVERE,937,0.35,18,0.5,5,47,0.03,6,12,3,4,7,0.42,0,3,1,0,0,2,2,1,1,2,1,58,29,0.85,35,0.29,0.38,72,4,3,2,2,12,0,5,12,12,3,3,2,11,6,3,12,11,3,7,10,6,0,9,9,7,8,3,10,9,1,3,TRUE,FALSE,FALSE,FALSE,FALSE,799,32,6880,5602,136533,22
org.apache.jackrabbit.core.security.user.UserManagerImplTest,MEDIUM,1030,0.56,7,0.5,7,64,0.41,8,29,5,3,5,0.44,2,2,2,2,1,1,2,0,2,0,2,92,50,0.16,41,0.98,0.5,7,10,3,0,4,2,8,10,5,6,6,7,2,5,11,7,4,2,1,11,1,7,10,2,1,10,0,3,12,1,5,8,TRUE,FALSE,TRUE,FALSE,FALSE,1,10,9,0,9,11
org.apache.jackrabbit.core.security.user.UserManagerImplTest,SEVERE,1010,0.17,14,0.51,9,67,0.1,7,31,3,3,8,0.54,2,2,2,2,1,1,2,0,2,0,2,92,50,0.16,41,0.98,0.5,7,10,3,0,4,2,8,10,5,6,6,7,2,5,11,7,4,2,1,11,1,7,10,2,1,10,0,3,12,1,5,8,TRUE,FALSE,TRUE,FALSE,FALSE,799,32,6880,5602,136533,22
org.apache.jackrabbit.core.SessionImpl,MEDIUM,975,0.09,7,0.44,8,54,0.04,9,24,3,4,14,0.5,2,7,1,1,0,1,0,1,2,1,2,82,1,0.05,47,0.25,0.68,84,12,9,10,1,12,3,7,1,6,3,11,9,0,2,11,2,10,8,0,9,9,11,8,6,7,0,10,7,8,11,11,FALSE,FALSE,FALSE,FALSE,FALSE,12,6,3,1,3,7
org.apache.jackrabbit.core.SessionImpl,MEDIUM,981,0.26,19,0.45,11,39,0.41,10,23,6,1,7,0.41,2,7,1,1,0,1,0,1,2,1,2,82,1,0.05,47,0.25,0.68,84,12,9,10,1,12,3,7,1,6,3,11,9,0,2,11,2,10,8,0,9,9,11,8,6,7,0,10,7,8,11,11,FALSE,FALSE,FALSE,FALSE,FALSE,10,11,9,11,2,11
org.apache.jackrabbit.core.state.NodeState,MEDIUM,893,0.34,21,0.55,7,44,0.36,9,18,3,3,4,0.51,3,1,1,0,0,1,2,2,0,2,2,76,30,0.78,54,0.32,0.63,67,9,11,10,0,2,6,4,1,8,9,2,10,10,2,0,3,9,11,4,0,3,2,7,0,2,7,4,1,12,10,6,FALSE,FALSE,FALSE,FALSE,FALSE,9,11,12,8,4,1
org.apache.jackrabbit.core.state.NodeState,SEVERE,1068,0.25,16,0.47,9,43,0.03,4,16,3,4,14,0.43,3,1,1,0,0,1,2,2,0,2,2,76,30,0.78,54,0.32,0.63,67,9,11,10,0,2,6,4,1,8,9,2,10,10,2,0,3,9,11,4,0,3,2,7,0,2,7,4,1,12,10,6,FALSE,FALSE,FALSE,FALSE,FALSE,799,32,6880,5602,136533,22
org.apache.jackrabbit.core.state.NodeStateMergerTest,MEDIUM,921,0.37,9,0.49,8,46,0.42,9,42,7,2,6,0.54,0,9,1,2,1,2,1,0,0,1,1,71,51,0.91,17,0.22,0.62,49,4,8,11,2,10,4,10,6,5,9,0,9,3,10,1,3,3,5,1,9,2,9,2,1,11,10,2,1,4,1,6,FALSE,FALSE,TRUE,FALSE,FALSE,9,7,2,11,11,9
org.apache.jackrabbit.core.state.NodeStateMergerTest,SEVERE,1103,0.32,17,0.47,9,46,0.06,9,36,5,4,10,0.47,0,9,1,2,1,2,1,0,0,1,1,71,51,0.91,17,0.22,0.62,49,4,8,11,2,10,4,10,6,5,9,0,9,3,10,1,3,3,5,1,9,2,9,2,1,11,10,2,1,4,1,6,FALSE,FALSE,TRUE,FALSE,FALSE,799,32,6880,5602,136533,22
org.apache.jackrabbit.core.state.SessionItemStateManager,MEDIUM,954,0.36,13,0.41,11,50,0.35,5,12,6,1,7,0.47,1,4,2,0,2,2,0,2,1,2,1,87,19,0.41,4,0.25,0.78,24,9,10,0,3,5,5,12,11,1,9,10,12,0,2,9,6,5,9,4,11,3,5,8,7,4,12,2,8,4,10,5,TRUE,FALSE,FALSE,FALSE,FALSE,12,0,11,12,1,8
org.apache.jackrabbit.core.state.SessionItemStateManager,SEVERE,1000,0.14,12,0.52,7,70,0.03,7,27,7,2,8,0.51,1,4,2,0,2,2,0,2,1,2,1,87,19,0.41,4,0.25,0.78,24,9,10,0,3,5,5,12,11,1,9,10,12,0,2,9,6,5,9,4,11,3,5,8,7,4,12,2,8,4,10,5,TRUE,FALSE,FALSE,FALSE,FALSE,799,32,6880,5602,136533,22
org.apache.jackrabbit.core.state.SharedItemStateManager,MEDIUM,1102,0.4,15,0.5,10,42,0.49,6,24,4,1,4,0.42,3,6,0,0,1,1,0,0,2,0,0,30,12,0.7,47,0.28,0.51,26,0,5,11,3,1,0,2,1,2,1,6,10,9,0,0,0,11,11,5,1,5,2,10,4,5,7,9,2,9,11,2,TRUE,FALSE,FALSE,FALSE,FALSE,11,12,3,5,4,9
org.apache.jackrabbit.core.state.SharedItemStateManager,SEVERE,989,0.25,15,0.55,8,50,0.04,8,17,5,4,7,0.42,3,6,0,0,1,1,0,0,2,0,0,30,12,0.7,47,0.28,0.51,26,0,5,11,3,1,0,2,1,2,1,6,10,9,0,0,0,11,11,5,1,5,2,10,4,5,7,9,2,9,11,2,TRUE,FALSE,FALSE,FALSE,FALSE,465,54,7652,6749,171667,22
org.apache.jackrabbit.core.value.InternalValue,MEDIUM,1084,0.37,16,0.52,8,51,0.4,4,36,3,4,5,0.45,1,7,0,1,0,2,1,1,1,2,0,95,51,0.83,27,0.69,0.24,17,2,8,1,2,5,2,5,12,4,2,0,7,2,3,9,2,2,0,6,11,7,12,10,5,4,1,12,3,6,7,7,FALSE,FALSE,FALSE,FALSE,FALSE,4,0,5,5,11,9
org.apache.jackrabbit.core.value.InternalValue,SEVERE,1023,0.32,21,0.47,9,68,0.1,6,26,6,3,8,0.54,1,7,0,1,0,2,1,1,1,2,0,95,51,0.83,27,0.69,0.24,17,2,8,1,2,5,2,5,12,4,2,0,7,2,3,9,2,2,0,6,11,7,12,10,5,4,1,12,3,6,7,7,FALSE,FALSE,FALSE,FALSE,FALSE,465,54,7652,6749,171667,22
org.apache.jackrabbit.core.version.InternalVersionManagerBase,MEDIUM,955,0.42,21,0.47,10,59,0.42,10,12,4,3,4,0.48,0,4,2,0,2,1,0,0,1,1,1,99,47,0.1,38,0.51,0.36,2,5,0,1,7,11,7,12,6,1,9,3,3,4,2,11,6,8,6,8,1,5,5,9,2,2,1,0,0,11,0,3,TRUE,FALSE,FALSE,FALSE,FALSE,8,9,3,2,1,12
org.apache.jackrabbit.core.version.InternalVersionManagerBase,SEVERE,1053,0.09,17,0.43,10,51,0.1,10,27,3,2,17,0.43,0,4,2,0,2,1,0,0,1,1,1,99,47,0.1,38,0.51,0.36,2,5,0,1,7,11,7,12,6,1,9,3,3,4,2,11,6,8,6,8,1,5,5,9,2,2,1,0,0,11,0,3,TRUE,FALSE,FALSE,FALSE,FALSE,465,54,7652,6749,171667,22
org.apache.jackrabbit.core.version.NodeStateEx,MEDIUM,990,0.42,9,0.55,6,40,0.46,4,42,3,2,3,0.51,2,3,2,2,0,0,0,2,0,0,2,83,38,0.47,20,0.55,0.92,54,3,5,2,11,6,7,8,2,11,9,2,4,7,9,8,1,3,2,12,10,11,8,3,4,2,11,4,10,7,2,0,FALSE,FALSE,FALSE,FALSE,FALSE,5,2,11,12,7,2
org.apache.jackrabbit.core.version.NodeStateEx,SEVERE,1054,0.31,20,0.46,9,57,0.12,7,27,4,1,7,0.51,2,3,2,2,0,0,0,2,0,0,2,83,38,0.47,20,0.55,0.92,54,3,5,2,11,6,7,8,2,11,9,2,4,7,9,8,1,3,2,12,10,11,8,3,4,2,11,4,10,7,2,0,FALSE,FALSE,FALSE,FALSE,FALSE,465,54,7652,6749,171667,22
org.apache.jackrabbit.core.WorkspaceImpl,MEDIUM,1077,0.3,20,0.45,8,50,0.04,5,27,3,1,7,0.52,2,4,1,1,1,0,1,1,0,1,2,86,46,0.74,54,0.96,0.88,30,10,3,6,4,0,4,2,9,1,12,1,10,9,12,2,5,4,3,1,8,10,11,12,6,8,9,2,12,7,12,8,FALSE,FALSE,FALSE,FALSE,FALSE,12,2,4,7,5,6
org.apache.jackrabbit.core.WorkspaceImpl,MEDIUM,906,0.66,10,0.52,11,71,0.35,9,25,4,2,5,0.55,2,4,1,1,1,0,1,1,0,1,2,86,46,0.74,54,0.96,0.88,30,10,3,6,4,0,4,2,9,1,12,1,10,9,12,2,5,4,3,1,8,10,11,12,6,8,9,2,12,7,12,8,FALSE,FALSE,FALSE,FALSE,FALSE,10,12,12,3,12,5
org.apache.jackrabbit.core.XATest,MEDIUM,903,0.23,21,0.53,8,49,0.06,7,11,3,1,8,0.48,1,2,2,2,2,0,0,1,2,1,1,106,46,0.61,40,0.83,0.09,28,0,6,1,3,4,1,12,8,1,5,5,6,10,9,1,4,4,1,3,4,10,9,6,10,1,8,7,7,8,4,8,FALSE,FALSE,TRUE,FALSE,FALSE,11,10,2,11,3,4
org.apache.jackrabbit.core.XATest,MEDIUM,1079,0.63,17,0.52,5,50,0.43,3,39,4,4,7,0.48,1,2,2,2,2,0,0,1,2,1,1,106,46,0.61,40,0.83,0.09,28,0,6,1,3,4,1,12,8,1,5,5,6,10,9,1,4,4,1,3,4,10,9,6,10,1,8,7,7,8,4,8,FALSE,FALSE,TRUE,FALSE,FALSE,10,5,4,8,2,0
org.apache.jackrabbit.j2ee.RepositoryStartupServlet,MEDIUM,925,0.45,9,0.55,7,39,0.5,4,18,4,2,7,0.55,3,5,1,1,2,2,1,1,1,1,2,75,24,0.81,42,0.29,0.35,24,7,3,4,3,9,11,0,8,5,6,12,12,8,1,0,6,4,4,0,10,11,11,5,3,4,4,12,8,11,0,12,FALSE,FALSE,FALSE,FALSE,FALSE,1,0,5,4,3,7
org.apache.jackrabbit.j2ee.RepositoryStartupServlet,NON-SEVERE,1046,0.73,12,0.54,7,72,0.73,4,23,4,1,2,0.43,3,5,1,1,2,2,1,1,1,1,2,75,24,0.81,42,0.29,0.35,24,7,3,4,3,9,11,0,8,5,6,12,12,8,1,0,6,4,4,0,10,11,11,5,3,4,4,12,8,11,0,12,FALSE,FALSE,FALSE,FALSE,FALSE,1631,125,10153,8952,146551,54
org.apache.jackrabbit.jcr2spi.hierarchy.ChildNodeEntriesImpl,MEDIUM,963,0.32,17,0.46,8,43,0.43,6,20,4,1,4,0.46,1,2,0,1,2,1,2,1,2,1,0,35,55,0.08,16,0.17,0.81,47,7,2,12,2,11,6,11,7,3,5,5,10,9,8,7,10,7,4,11,12,11,11,5,5,11,4,5,10,1,5,7,FALSE,FALSE,FALSE,FALSE,FALSE,7,0,4,5,3,0
org.apache.jackrabbit.jcr2spi.hierarchy.ChildNodeEntriesImpl,SEVERE,994,0.05,14,0.48,6,55,0.06,8,17,7,2,16,0.48,1,2,0,1,2,1,2,1,2,1,0,35,55,0.08,16,0.17,0.81,47,7,2,12,2,11,6,11,7,3,5,5,10,9,8,7,10,7,4,11,12,11,11,5,5,11,4,5,10,1,5,7,FALSE,FALSE,FALSE,FALSE,FALSE,465,54,7652,6749,171667,22
org.apache.jackrabbit.jcr2spi.hierarchy.NodeEntryImpl,MEDIUM,964,0.22,19,0.47,11,61,0.45,5,17,3,3,7,0.53,3,9,0,0,1,2,1,0,2,2,0,48,33,0.05,15,0.9,0.62,95,5,2,6,4,7,10,6,7,5,2,11,11,5,10,2,1,3,6,6,5,2,5,3,8,10,10,5,2,2,9,12,FALSE,FALSE,FALSE,FALSE,FALSE,0,8,6,3,11,5
org.apache.jackrabbit.jcr2spi.hierarchy.NodeEntryImpl,SEVERE,1011,0.1,14,0.49,9,54,0.11,2,13,6,2,7,0.41,3,9,0,0,1,2,1,0,2,2,0,48,33,0.05,15,0.9,0.62,95,5,2,6,4,7,10,6,7,5,2,11,11,5,10,2,1,3,6,6,5,2,5,3,8,10,10,5,2,2,9,12,FALSE,FALSE,FALSE,FALSE,FALSE,465,54,7652,6749,171667,22
org.apache.jackrabbit.jcr2spi.lock.LockManagerImpl,NON-SEVERE,947,0.71,13,0.54,10,53,0.83,7,33,4,2,1,0.55,1,10,0,15,2,1,2,5,7,0,1,53,5,0.21978,0,0.867347,0.333333,7,40,196,2,3478,218,0,0,7,0,0,4,0,0,3,4,0,15,0,0,0,0,0,15,0,0,0,0,15,4,0,1,TRUE,FALSE,FALSE,FALSE,FALSE,1631,125,10153,8952,146551,54
org.apache.jackrabbit.jcr2spi.lock.LockManagerImpl,SEVERE,1042,0.33,16,0.45,7,45,0.08,10,24,5,1,15,0.48,1,10,0,15,2,1,2,5,7,0,1,53,5,0.21978,0,0.867347,0.333333,7,40,196,2,3478,218,0,0,7,0,0,4,0,0,3,4,0,15,0,0,0,0,0,15,0,0,0,0,15,4,0,1,TRUE,FALSE,FALSE,FALSE,FALSE,465,54,7652,6749,171667,22
org.apache.jackrabbit.jcr2spi.NodeImpl,MEDIUM,1079,0.57,12,0.48,10,47,0.35,8,36,4,4,6,0.42,2,2,0,2,0,2,0,2,2,2,1,79,31,0.42,31,0.69,0.16,83,6,7,2,8,12,1,4,7,10,1,5,0,1,0,11,11,11,2,6,10,2,12,10,3,11,5,4,3,6,11,9,FALSE,FALSE,FALSE,FALSE,FALSE,10,1,7,11,5,10
org.apache.jackrabbit.jcr2spi.NodeImpl,SEVERE,954,0.27,13,0.5,5,66,0.11,2,23,4,1,17,0.51,2,2,0,2,0,2,0,2,2,2,1,79,31,0.42,31,0.69,0.16,83,6,7,2,8,12,1,4,7,10,1,5,0,1,0,11,11,11,2,6,10,2,12,10,3,11,5,4,3,6,11,9,FALSE,FALSE,FALSE,FALSE,FALSE,465,54,7652,6749,171667,22
org.apache.jackrabbit.jcr2spi.nodetype.NodeTypeRegistryImpl,NON-SEVERE,998,0.35,19,0.5,7,46,0.45,2,30,7,2,5,0.47,0,0,0,1,0,4,1,1,10,2,2,38,1,1,0,0,0,1,5,24,1,527,26,0,10,0,0,0,10,10,10,0,0,0,0,1,0,0,0,0,1,0,0,0,0,1,0,0,1,FALSE,FALSE,FALSE,FALSE,FALSE,1631,125,10153,8952,146551,54
org.apache.jackrabbit.jcr2spi.nodetype.NodeTypeRegistryImpl,SEVERE,1073,0.23,8,0.54,7,61,0.07,2,16,5,1,17,0.41,0,0,0,1,0,4,1,1,10,2,2,38,1,1,0,0,0,1,5,24,1,527,26,0,10,0,0,0,10,10,10,0,0,0,0,1,0,0,0,0,1,0,0,0,0,1,0,0,1,FALSE,FALSE,FALSE,FALSE,FALSE,465,54,7652,6749,171667,22
org.apache.jackrabbit.jcr2spi.SessionImpl,MEDIUM,1045,0.31,12,0.44,9,70,0.35,7,39,7,2,4,0.44,1,0,2,1,0,1,0,1,2,2,1,37,0,0.48,43,0.38,0.02,48,7,7,2,6,8,9,10,8,6,7,3,3,0,1,3,0,11,1,4,3,3,6,8,11,2,10,9,3,2,12,0,FALSE,FALSE,FALSE,FALSE,FALSE,11,1,1,6,11,3
org.apache.jackrabbit.jcr2spi.SessionImpl,SEVERE,972,0.05,11,0.41,10,46,0.06,7,6,4,4,17,0.48,1,0,2,1,0,1,0,1,2,2,1,37,0,0.48,43,0.38,0.02,48,7,7,2,6,8,9,10,8,6,7,3,3,0,1,3,0,11,1,4,3,3,6,8,11,2,10,9,3,2,12,0,FALSE,FALSE,FALSE,FALSE,FALSE,465,54,7652,6749,171667,22
org.apache.jackrabbit.jcr2spi.WorkspaceManager,MEDIUM,1056,0.33,14,0.45,11,67,0.39,7,8,7,3,3,0.4,3,7,1,1,0,2,0,0,2,0,1,43,33,0.29,11,0.48,0.7,5,7,4,5,12,7,4,6,1,5,11,2,3,2,2,0,7,12,7,12,9,3,7,8,0,4,2,8,6,11,0,6,TRUE,FALSE,FALSE,FALSE,FALSE,8,4,7,4,3,11
org.apache.jackrabbit.jcr2spi.WorkspaceManager,SEVERE,1003,0.28,19,0.43,9,44,0.12,6,19,7,1,9,0.51,3,7,1,1,0,2,0,0,2,0,1,43,33,0.29,11,0.48,0.7,5,7,4,5,12,7,4,6,1,5,11,2,3,2,2,0,7,12,7,12,9,3,7,8,0,4,2,8,6,11,0,6,TRUE,FALSE,FALSE,FALSE,FALSE,465,54,7652,6749,171667,22
org.apache.jackrabbit.rmi.client.ClientNode,MEDIUM,1018,0.22,18,0.53,8,42,0.48,9,25,5,1,6,0.52,2,4,0,0,1,1,2,0,1,1,0,40,29,0.14,30,0.96,0.59,41,10,3,5,10,3,9,2,9,4,11,12,8,8,10,10,11,5,6,5,1,12,0,7,5,4,1,5,6,4,3,11,FALSE,FALSE,FALSE,FALSE,FALSE,7,1,1,10,2,0
org.apache.jackrabbit.rmi.client.ClientNode,SEVERE,992,0.14,17,0.48,6,71,0.05,7,9,6,4,7,0.52,2,4,0,0,1,1,2,0,1,1,0,40,29,0.14,30,0.96,0.59,41,10,3,5,10,3,9,2,9,4,11,12,8,8,10,10,11,5,6,5,1,12,0,7,5,4,1,5,6,4,3,11,FALSE,FALSE,FALSE,FALSE,FALSE,465,54,7652,6749,171667,22
org.apache.jackrabbit.rmi.server.ServerNode,MEDIUM,1029,0.23,16,0.46,5,42,0.39,9,35,3,1,4,0.49,0,3,2,2,1,1,0,2,2,2,1,101,29,0.33,5,0.54,0.68,4,12,11,6,7,3,9,10,5,0,6,1,7,3,9,5,10,3,7,1,9,12,8,3,4,7,10,2,10,3,3,5,FALSE,FALSE,FALSE,FALSE,FALSE,7,6,6,6,8,0
org.apache.jackrabbit.rmi.server.ServerNode,SEVERE,1080,0.38,17,0.41,10,49,0.08,8,20,6,2,8,0.5,0,3,2,2,1,1,0,2,2,2,1,101,29,0.33,5,0.54,0.68,4,12,11,6,7,3,9,10,5,0,6,1,7,3,9,5,10,3,7,1,9,12,8,3,4,7,10,2,10,3,3,5,FALSE,FALSE,FALSE,FALSE,FALSE,465,54,7652,6749,171667,22
org.apache.jackrabbit.server.io.DefaultHandler,MEDIUM,1057,0.43,16,0.44,10,70,0.35,6,34,4,4,6,0.46,1,8,1,2,1,1,0,2,0,1,1,95,42,0.47,0,0.09,0.93,57,8,4,7,2,12,11,5,10,10,1,10,0,3,9,2,0,8,0,7,12,2,12,4,4,9,7,11,7,8,3,0,FALSE,FALSE,FALSE,FALSE,FALSE,10,7,2,4,6,3
org.apache.jackrabbit.server.io.DefaultHandler,SEVERE,924,0.32,15,0.46,10,55,0.02,3,37,7,1,8,0.5,1,8,1,2,1,1,0,2,0,1,1,95,42,0.47,0,0.09,0.93,57,8,4,7,2,12,11,5,10,10,1,10,0,3,9,2,0,8,0,7,12,2,12,4,4,9,7,11,7,8,3,0,FALSE,FALSE,FALSE,FALSE,FALSE,465,54,7652,6749,171667,22
org.apache.jackrabbit.server.remoting.davex.JcrRemotingServlet,MEDIUM,1049,0.51,21,0.52,7,43,0.5,4,32,7,4,5,0.41,3,10,0,0,2,1,2,1,0,0,0,80,49,0.54,10,0.97,0.59,49,4,4,8,9,5,3,8,12,7,11,8,6,0,7,6,3,0,2,9,9,11,0,4,12,1,10,10,7,2,7,12,FALSE,FALSE,FALSE,FALSE,FALSE,10,4,11,2,2,2
org.apache.jackrabbit.server.remoting.davex.JcrRemotingServlet,SEVERE,1075,0.33,14,0.41,5,59,0.04,5,33,4,1,14,0.44,3,10,0,0,2,1,2,1,0,0,0,80,49,0.54,10,0.97,0.59,49,4,4,8,9,5,3,8,12,7,11,8,6,0,7,6,3,0,2,9,9,11,0,4,12,1,10,10,7,2,7,12,FALSE,FALSE,FALSE,FALSE,FALSE,465,54,7652,6749,171667,22
org.apache.jackrabbit.spi.commons.ItemInfoBuilder,NON-SEVERE,1059,0.48,18,0.46,7,54,0.43,3,30,3,2,5,0.44,0,0,0,1,0,5,1,1,9,2,2,32,1,1,0,0,0,1,223,1168,2,29751,1195,0,9,0,0,0,9,9,9,0,0,0,0,1,0,0,0,0,1,0,0,0,0,1,0,0,1,TRUE,FALSE,FALSE,FALSE,FALSE,1631,125,10153,8952,146551,54
org.apache.jackrabbit.spi.commons.ItemInfoBuilder,SEVERE,964,0.47,16,0.41,11,60,0.47,5,29,3,2,4,0.49,0,0,0,1,0,5,1,1,9,2,2,32,1,1,0,0,0,1,223,1168,2,29751,1195,0,9,0,0,0,9,9,9,0,0,0,0,1,0,0,0,0,1,0,0,0,0,1,0,0,1,TRUE,FALSE,FALSE,FALSE,FALSE,909,77,8059,6366,113375,110
org.apache.jackrabbit.spi.commons.logging.RepositoryServiceLogger,NON-SEVERE,1044,0.74,17,0.49,5,49,0.79,10,40,3,4,2,0.48,0,0,0,1,0,4,1,1,9,2,2,43,1,1,0,0,0,1,223,1168,2,29751,1195,0,9,0,0,0,9,9,9,0,0,0,0,1,0,0,0,0,1,0,0,0,0,1,0,0,1,TRUE,FALSE,FALSE,FALSE,FALSE,1631,125,10153,8952,146551,54
org.apache.jackrabbit.spi.commons.logging.RepositoryServiceLogger,SEVERE,962,0.47,17,0.49,11,69,0.4,6,19,3,2,3,0.54,0,0,0,1,0,4,1,1,9,2,2,43,1,1,0,0,0,1,223,1168,2,29751,1195,0,9,0,0,0,9,9,9,0,0,0,0,1,0,0,0,0,1,0,0,0,0,1,0,0,1,TRUE,FALSE,FALSE,FALSE,FALSE,909,77,8059,6366,113375,110
org.apache.jackrabbit.spi.commons.query.qom.QueryObjectModelFactoryImpl,NON-SEVERE,966,0.25,9,0.5,5,47,0.06,7,17,6,1,12,0.45,0,0,0,1,0,3,1,1,8,2,2,29,1,1,0,0,0,1,223,1168,2,29751,1195,0,8,0,0,0,8,8,8,0,0,0,0,1,0,0,0,0,1,0,0,0,0,1,0,0,1,FALSE,TRUE,FALSE,FALSE,FALSE,1631,125,10153,8952,146551,54
org.apache.jackrabbit.spi.commons.query.qom.QueryObjectModelFactoryImpl,NON-SEVERE,1022,0.25,15,0.44,11,40,0.41,2,29,3,3,6,0.5,0,0,0,1,0,3,1,1,8,2,2,29,1,1,0,0,0,1,223,1168,2,29751,1195,0,8,0,0,0,8,8,8,0,0,0,0,1,0,0,0,0,1,0,0,0,0,1,0,0,1,FALSE,TRUE,FALSE,FALSE,FALSE,1631,125,10153,8952,146551,54
org.apache.jackrabbit.spi.commons.query.sql.JCRSQLParser,NON-SEVERE,1082,0.08,7,0.55,9,72,0.02,10,10,7,3,16,0.44,1,3,0,14,0,0,3,11,4,0,1,174,5,0.076923,0,0.903846,0.785714,12,1,11,0,214,14,0,0,4,0,0,0,0,0,4,0,0,14,0,0,0,0,0,14,1,0,0,1,13,10,0,1,TRUE,FALSE,FALSE,FALSE,FALSE,1542,130,11967,9063,213479,149
org.apache.jackrabbit.spi.commons.query.sql.JCRSQLParser,NON-SEVERE,1091,0.29,18,0.49,9,64,0.44,6,38,7,2,4,0.52,1,3,0,14,0,0,3,11,4,0,1,174,5,0.076923,0,0.903846,0.785714,12,1,11,0,214,14,0,0,4,0,0,0,0,0,4,0,0,14,0,0,0,0,0,14,1,0,0,1,13,10,0,1,TRUE,FALSE,FALSE,FALSE,FALSE,1542,130,11967,9063,213479,149
org.apache.jackrabbit.spi.commons.query.sql.JCRSQLParserTokenManager,NON-SEVERE,1002,0.3,17,0.51,6,68,0.41,3,37,7,2,5,0.47,0,3,0,3,0,0,0,0,3,3,2,16,0,0,0,1,0,0,17,53,1,1024,73,0,3,0,0,0,3,3,3,0,0,0,3,0,0,0,0,0,3,0,0,0,0,3,0,0,0,TRUE,FALSE,FALSE,FALSE,FALSE,1542,130,11967,9063,213479,149
org.apache.jackrabbit.spi.commons.query.sql.JCRSQLParserTokenManager,SEVERE,898,0.4,11,0.5,11,40,0.39,10,11,5,2,6,0.52,0,3,0,3,0,0,0,0,3,3,2,16,0,0,0,1,0,0,17,53,1,1024,73,0,3,0,0,0,3,3,3,0,0,0,3,0,0,0,0,0,3,0,0,0,0,3,0,0,0,TRUE,FALSE,FALSE,FALSE,FALSE,909,77,8059,6366,113375,110
org.apache.jackrabbit.spi.commons.query.sql.JCRSQLQueryBuilder,NON-SEVERE,1006,0.73,19,0.42,8,42,0.75,5,23,3,4,2,0.53,0,3,0,3,0,0,0,0,3,3,2,15,0,0,0,1,0,0,17,53,1,1024,73,0,3,0,0,0,3,3,3,0,0,0,3,0,0,0,0,0,3,0,0,0,0,3,0,0,0,TRUE,FALSE,FALSE,FALSE,FALSE,1542,130,11967,9063,213479,149
org.apache.jackrabbit.spi.commons.query.sql.JCRSQLQueryBuilder,SEVERE,1035,0.2,9,0.46,9,52,0.37,8,15,3,1,3,0.46,0,3,0,3,0,0,0,0,3,3,2,15,0,0,0,1,0,0,17,53,1,1024,73,0,3,0,0,0,3,3,3,0,0,0,3,0,0,0,0,0,3,0,0,0,0,3,0,0,0,TRUE,FALSE,FALSE,FALSE,FALSE,789,155,9246,7348,188289,40
org.apache.jackrabbit.spi.commons.query.xpath.XPath,MEDIUM,1016,0.4,13,0.44,11,45,0.5,4,10,4,1,5,0.42,3,8,1,1,0,0,0,2,2,2,1,68,33,0.79,10,0.51,0.42,18,10,10,12,4,9,7,5,0,6,2,0,7,7,3,0,6,6,6,2,11,0,1,8,11,1,0,5,3,5,12,9,FALSE,FALSE,FALSE,FALSE,FALSE,11,3,1,12,10,12
org.apache.jackrabbit.spi.commons.query.xpath.XPath,NON-SEVERE,945,0.73,21,0.41,10,53,0.77,5,21,5,4,0,0.41,3,8,1,1,0,0,0,2,2,2,1,68,33,0.79,10,0.51,0.42,18,10,10,12,4,9,7,5,0,6,2,0,7,7,3,0,6,6,6,2,11,0,1,8,11,1,0,5,3,5,12,9,FALSE,FALSE,FALSE,FALSE,FALSE,1542,130,11967,9063,213479,149
org.apache.jackrabbit.spi.commons.query.xpath.XPathQueryBuilder,MEDIUM,988,0.39,11,0.54,10,68,0.48,4,23,7,4,5,0.49,2,2,1,1,1,1,1,0,2,0,2,36,11,0.26,13,0.48,0.98,72,8,8,3,3,2,3,0,5,4,8,6,7,8,0,7,7,10,2,5,6,3,2,0,0,1,0,7,11,6,4,0,TRUE,FALSE,FALSE,FALSE,FALSE,5,8,5,12,0,10
org.apache.jackrabbit.spi.commons.query.xpath.XPathQueryBuilder,NON-SEVERE,964,0.75,8,0.42,8,53,0.76,6,27,5,4,1,0.52,2,2,1,1,1,1,1,0,2,0,2,36,11,0.26,13,0.48,0.98,72,8,8,3,3,2,3,0,5,4,8,6,7,8,0,7,7,10,2,5,6,3,2,0,0,1,0,7,11,6,4,0,TRUE,FALSE,FALSE,FALSE,FALSE,1542,130,11967,9063,213479,149
org.apache.jackrabbit.spi.commons.query.xpath.XPathTokenManager,MEDIUM,1043,0.61,10,0.43,11,54,0.39,5,39,5,3,7,0.53,0,4,2,1,2,1,0,2,2,0,0,108,46,0.97,51,0.05,0.17,63,11,2,5,7,2,8,6,2,11,10,11,2,1,8,7,7,6,7,7,11,8,2,9,12,12,4,0,1,11,1,1,TRUE,FALSE,FALSE,FALSE,FALSE,12,9,11,0,3,5
org.apache.jackrabbit.spi.commons.query.xpath.XPathTokenManager,NON-SEVERE,940,0.69,12,0.45,11,55,0.79,7,6,4,2,0,0.45,0,4,2,1,2,1,0,2,2,0,0,108,46,0.97,51,0.05,0.17,63,11,2,5,7,2,8,6,2,11,10,11,2,1,8,7,7,6,7,7,11,8,2,9,12,12,4,0,1,11,1,1,TRUE,FALSE,FALSE,FALSE,FALSE,1542,130,11967,9063,213479,149
org.apache.jackrabbit.spi.RepositoryService,NON-SEVERE,1027,0.69,13,0.53,5,42,0.78,10,20,4,1,1,0.48,1,8,0,9,0,0,1,1,2,0,1,11,1,1,0,0.1875,0.111111,2,51,386,15,14767,554,0,0,2,0,0,1,1,1,1,0,0,9,0,0,0,0,0,9,0,0,0,0,9,0,0,1,TRUE,FALSE,FALSE,FALSE,FALSE,1542,130,11967,9063,213479,149
org.apache.jackrabbit.spi.RepositoryService,SEVERE,1024,0.15,17,0.5,5,56,0.1,7,36,5,2,6,0.43,1,8,0,9,0,0,1,1,2,0,1,11,1,1,0,0.1875,0.111111,2,51,386,15,14767,554,0,0,2,0,0,1,1,1,1,0,0,9,0,0,0,0,0,9,0,0,0,0,9,0,0,1,TRUE,FALSE,FALSE,FALSE,FALSE,789,155,9246,7348,188289,40
org.apache.jackrabbit.spi2dav.DavPropertyTest,MEDIUM,894,0.61,10,0.47,11,47,0.44,9,21,3,2,7,0.52,3,2,1,2,1,1,0,0,2,0,0,86,54,0.72,44,0.89,0.18,93,2,1,6,0,12,6,7,3,0,6,3,3,3,8,6,6,2,6,0,5,3,1,3,5,10,4,10,11,6,10,8,FALSE,FALSE,TRUE,FALSE,FALSE,2,3,2,5,5,6
org.apache.jackrabbit.spi2dav.DavPropertyTest,NON-SEVERE,914,0.73,19,0.52,6,52,0.69,4,41,5,4,1,0.43,3,2,1,2,1,1,0,0,2,0,0,86,54,0.72,44,0.89,0.18,93,2,1,6,0,12,6,7,3,0,6,3,3,3,8,6,6,2,6,0,5,3,1,3,5,10,4,10,11,6,10,8,FALSE,FALSE,TRUE,FALSE,FALSE,1855,212,11709,8793,102803,382
org.apache.jackrabbit.spi2dav.RepositoryServiceImpl,MEDIUM,928,0.28,12,0.46,9,70,0.49,4,21,5,3,5,0.46,0,2,1,2,0,2,1,2,0,2,0,117,23,0.22,6,0.61,0.96,73,5,3,1,2,8,4,4,10,0,9,6,8,5,1,9,7,7,5,6,7,7,9,1,10,12,3,12,5,7,1,2,TRUE,FALSE,FALSE,FALSE,FALSE,9,9,7,9,3,4
org.apache.jackrabbit.spi2dav.RepositoryServiceImpl,NON-SEVERE,1014,0.71,11,0.42,11,58,0.86,10,20,6,1,0,0.5,0,2,1,2,0,2,1,2,0,2,0,117,23,0.22,6,0.61,0.96,73,5,3,1,2,8,4,4,10,0,9,6,8,5,1,9,7,7,5,6,7,7,9,1,10,12,3,12,5,7,1,2,TRUE,FALSE,FALSE,FALSE,FALSE,1855,212,11709,8793,102803,382
org.apache.jackrabbit.spi2jcr.RepositoryServiceImpl,MEDIUM,1013,0.54,11,0.41,9,55,0.39,7,22,4,1,3,0.4,2,6,1,2,0,1,1,2,2,0,2,25,20,0.44,0,0.45,0.32,88,7,0,6,6,1,4,3,3,11,1,1,7,9,11,6,7,12,10,2,10,12,0,10,11,9,3,2,4,1,8,4,TRUE,FALSE,FALSE,FALSE,FALSE,11,1,5,12,6,7
org.apache.jackrabbit.spi2jcr.RepositoryServiceImpl,NON-SEVERE,1018,0.75,16,0.51,9,52,0.74,6,36,3,3,1,0.48,2,6,1,2,0,1,1,2,2,0,2,25,20,0.44,0,0.45,0.32,88,7,0,6,6,1,4,3,3,11,1,1,7,9,11,6,7,12,10,2,10,12,0,10,11,9,3,2,4,1,8,4,TRUE,FALSE,FALSE,FALSE,FALSE,1855,212,11709,8793,102803,382
org.apache.jackrabbit.standalone.cli.info.AbstractLsNodes,MEDIUM,957,0.6,12,0.46,5,49,0.42,10,31,6,4,5,0.44,1,9,1,2,1,2,1,0,2,0,1,84,24,0.67,34,0.89,0.81,17,7,4,12,6,9,9,0,8,8,9,7,1,4,2,1,7,8,0,1,12,6,9,10,0,3,12,5,9,5,4,10,FALSE,FALSE,FALSE,FALSE,FALSE,12,10,11,12,3,9
org.apache.jackrabbit.standalone.cli.info.AbstractLsNodes,NON-SEVERE,923,0.75,20,0.44,10,39,0.8,7,32,4,1,1,0.43,1,9,1,2,1,2,1,0,2,0,1,84,24,0.67,34,0.89,0.81,17,7,4,12,6,9,9,0,8,8,9,7,1,4,2,1,7,8,0,1,12,6,9,10,0,3,12,5,9,5,4,10,FALSE,FALSE,FALSE,FALSE,FALSE,1855,212,11709,8793,102803,382
org.apache.jackrabbit.test.AbstractJCRTest,MEDIUM,996,0.56,16,0.47,8,59,0.47,2,16,4,3,7,0.51,3,4,0,0,0,0,1,1,1,0,0,31,47,0.12,49,0.69,0.87,1,11,10,9,11,10,6,12,3,3,11,8,1,6,1,12,4,12,9,9,0,5,12,0,8,12,2,6,12,1,3,0,FALSE,FALSE,TRUE,FALSE,FALSE,8,0,4,7,6,7
org.apache.jackrabbit.test.AbstractJCRTest,SEVERE,972,0.17,12,0.44,6,54,0.06,4,35,7,3,7,0.42,3,4,0,0,0,0,1,1,1,0,0,31,47,0.12,49,0.69,0.87,1,11,10,9,11,10,6,12,3,3,11,8,1,6,1,12,4,12,9,9,0,5,12,0,8,12,2,6,12,1,3,0,FALSE,FALSE,TRUE,FALSE,FALSE,789,155,9246,7348,188289,40
org.apache.jackrabbit.test.api.ExportDocViewTest,MEDIUM,1038,0.32,16,0.53,6,59,0.42,6,34,6,3,5,0.4,2,4,2,1,2,1,2,2,0,1,1,112,46,0.58,42,0.26,0.92,99,4,1,3,11,1,11,1,5,10,5,1,6,0,5,10,7,0,5,2,1,5,3,4,12,9,10,11,2,1,1,8,FALSE,TRUE,TRUE,FALSE,FALSE,6,12,2,4,10,9
org.apache.jackrabbit.test.api.ExportDocViewTest,SEVERE,1059,0.32,15,0.42,5,68,0.07,8,13,5,3,11,0.53,2,4,2,1,2,1,2,2,0,1,1,112,46,0.58,42,0.26,0.92,99,4,1,3,11,1,11,1,5,10,5,1,6,0,5,10,7,0,5,2,1,5,3,4,12,9,10,11,2,1,1,8,FALSE,TRUE,TRUE,FALSE,FALSE,789,155,9246,7348,188289,40
org.apache.jackrabbit.test.api.NodeReadMethodsTest,MEDIUM,1030,0.58,11,0.52,7,71,0.45,7,19,4,4,6,0.55,2,2,2,2,2,1,0,0,0,2,1,31,31,0.36,30,0.6,0.32,41,3,7,1,4,12,10,2,8,8,8,7,3,7,10,6,5,6,1,5,9,10,12,8,12,6,9,11,4,0,3,3,FALSE,FALSE,TRUE,FALSE,FALSE,10,12,7,9,7,11
org.apache.jackrabbit.test.api.NodeReadMethodsTest,SEVERE,1025,0.31,21,0.5,7,55,0.04,5,14,6,1,10,0.54,2,2,2,2,2,1,0,0,0,2,1,31,31,0.36,30,0.6,0.32,41,3,7,1,4,12,10,2,8,8,8,7,3,7,10,6,5,6,1,5,9,10,12,8,12,6,9,11,4,0,3,3,FALSE,FALSE,TRUE,FALSE,FALSE,789,155,9246,7348,188289,40
org.apache.jackrabbit.test.api.NodeTest,MEDIUM,934,0.2,11,0.54,5,46,0.39,8,41,5,4,5,0.48,0,8,1,2,1,1,1,1,2,2,1,32,19,0.7,45,0.08,0.94,77,10,4,0,11,3,12,5,12,9,0,12,10,5,5,3,9,7,10,7,12,9,2,10,7,4,11,0,0,4,11,6,FALSE,FALSE,TRUE,FALSE,FALSE,0,8,2,1,4,11
org.apache.jackrabbit.test.api.NodeTest,SEVERE,1102,0.22,17,0.49,10,49,0.09,3,8,4,3,15,0.47,0,8,1,2,1,1,1,1,2,2,1,32,19,0.7,45,0.08,0.94,77,10,4,0,11,3,12,5,12,9,0,12,10,5,5,3,9,7,10,7,12,9,2,10,7,4,11,0,0,4,11,6,FALSE,FALSE,TRUE,FALSE,FALSE,789,155,9246,7348,188289,40
org.apache.jackrabbit.test.api.nodetype.NodeTypeUtil,MEDIUM,1045,0.63,11,0.48,9,72,0.48,5,14,6,4,3,0.5,0,2,2,0,2,2,1,0,0,1,1,109,55,0.95,5,0.77,0.81,100,8,3,8,7,12,1,10,11,6,8,7,12,7,3,4,4,9,4,3,0,10,7,10,5,5,10,1,5,10,1,4,FALSE,FALSE,TRUE,TRUE,FALSE,11,10,5,0,5,9
org.apache.jackrabbit.test.api.nodetype.NodeTypeUtil,SEVERE,1074,0.17,19,0.51,5,65,0.08,10,39,6,2,18,0.54,0,2,2,0,2,2,1,0,0,1,1,109,55,0.95,5,0.77,0.81,100,8,3,8,7,12,1,10,11,6,8,7,12,7,3,4,4,9,4,3,0,10,7,10,5,5,10,1,5,10,1,4,FALSE,FALSE,TRUE,TRUE,FALSE,789,155,9246,7348,188289,40
org.apache.jackrabbit.test.api.SerializationTest,MEDIUM,1015,0.36,12,0.47,5,44,0.4,8,24,7,3,4,0.49,0,7,0,0,1,1,0,1,0,1,2,78,47,0.17,55,0.63,0.79,7,3,10,1,5,3,6,0,11,1,1,6,12,7,9,2,0,2,8,3,4,12,11,2,4,2,1,8,5,12,8,7,FALSE,FALSE,TRUE,FALSE,FALSE,12,4,10,1,11,3
org.apache.jackrabbit.test.api.SerializationTest,SEVERE,942,0.16,19,0.42,8,52,0.08,3,25,5,1,10,0.5,0,7,0,0,1,1,0,1,0,1,2,78,47,0.17,55,0.63,0.79,7,3,10,1,5,3,6,0,11,1,1,6,12,7,9,2,0,2,8,3,4,12,11,2,4,2,1,8,5,12,8,7,FALSE,FALSE,TRUE,FALSE,FALSE,789,155,9246,7348,188289,40
org.apache.jackrabbit.test.api.ShareableNodeTest,MEDIUM,1029,0.56,21,0.5,5,61,0.47,10,23,7,2,6,0.49,0,1,0,0,2,2,1,1,2,2,0,73,24,0.95,12,0.03,0.31,90,1,1,12,5,4,10,3,3,10,3,4,6,0,0,0,10,3,12,5,5,10,0,1,6,0,6,1,1,4,4,12,FALSE,FALSE,TRUE,FALSE,FALSE,12,8,4,0,0,12
org.apache.jackrabbit.test.api.ShareableNodeTest,SEVERE,986,0.14,19,0.53,5,61,0.05,2,13,5,3,13,0.51,0,1,0,0,2,2,1,1,2,2,0,73,24,0.95,12,0.03,0.31,90,1,1,12,5,4,10,3,3,10,3,4,6,0,0,0,10,3,12,5,5,10,0,1,6,0,6,1,1,4,4,12,FALSE,FALSE,TRUE,FALSE,FALSE,789,155,9246,7348,188289,40
org.apache.jackrabbit.test.api.util.Text,MEDIUM,995,0.66,18,0.55,10,59,0.47,10,42,4,4,5,0.45,0,9,0,0,0,2,0,1,0,0,2,117,4,0.07,7,0.98,0.93,44,2,0,1,10,5,0,5,7,6,8,1,1,3,7,4,3,0,9,0,1,2,9,10,5,10,1,7,0,8,4,0,FALSE,FALSE,TRUE,TRUE,FALSE,12,6,0,7,4,4
org.apache.jackrabbit.test.api.util.Text,SEVERE,1066,0.27,15,0.51,5,61,0.12,8,37,5,1,10,0.43,0,9,0,0,0,2,0,1,0,0,2,117,4,0.07,7,0.98,0.93,44,2,0,1,10,5,0,5,7,6,8,1,1,3,7,4,3,0,9,0,1,2,9,10,5,10,1,7,0,8,4,0,FALSE,FALSE,TRUE,TRUE,FALSE,789,155,9246,7348,188289,40
org.apache.jackrabbit.test.api.version.RestoreTest,MEDIUM,920,0.42,21,0.46,5,49,0.37,9,36,5,1,4,0.55,1,1,0,1,2,0,2,1,1,0,2,68,52,0.71,14,0.84,0.11,62,10,9,2,10,2,10,2,0,2,3,8,1,10,2,1,7,3,3,4,2,1,12,1,1,7,6,1,0,8,4,1,FALSE,FALSE,TRUE,FALSE,FALSE,5,7,9,4,3,5
org.apache.jackrabbit.test.api.version.RestoreTest,SEVERE,1008,0.3,15,0.44,8,46,0.05,6,41,7,2,13,0.45,1,1,0,1,2,0,2,1,1,0,2,68,52,0.71,14,0.84,0.11,62,10,9,2,10,2,10,2,0,2,3,8,1,10,2,1,7,3,3,4,2,1,12,1,1,7,6,1,0,8,4,1,FALSE,FALSE,TRUE,FALSE,FALSE,789,155,9246,7348,188289,40
org.apache.jackrabbit.test.api.version.simple.RestoreTest,MEDIUM,970,0.33,18,0.48,6,65,0.48,3,18,3,3,4,0.4,0,2,1,1,1,0,1,1,2,0,1,64,50,0.86,52,0.98,0.1,52,2,11,0,4,8,6,2,3,6,6,0,1,1,3,8,9,11,0,9,6,2,6,0,0,12,8,11,10,3,2,10,FALSE,FALSE,TRUE,FALSE,FALSE,11,6,3,8,8,6
org.apache.jackrabbit.test.api.version.simple.RestoreTest,SEVERE,933,0.06,17,0.42,6,42,0.09,3,20,5,1,15,0.54,0,2,1,1,1,0,1,1,2,0,1,64,50,0.86,52,0.98,0.1,52,2,11,0,4,8,6,2,3,6,6,0,1,1,3,8,9,11,0,9,6,2,6,0,0,12,8,11,10,3,2,10,FALSE,FALSE,TRUE,FALSE,FALSE,789,155,9246,7348,188289,40
org.apache.jackrabbit.test.api.version.VersionHistoryTest,MEDIUM,912,0.54,7,0.48,6,65,0.36,6,40,6,1,3,0.44,1,4,0,2,1,1,2,2,2,1,1,108,6,0.74,19,0.37,0.34,56,5,6,2,11,0,1,0,3,4,12,2,7,1,12,0,2,10,4,6,6,3,12,5,0,0,12,9,11,5,12,12,FALSE,FALSE,TRUE,FALSE,FALSE,12,3,8,1,8,11
org.apache.jackrabbit.test.api.version.VersionHistoryTest,SEVERE,1074,0.31,7,0.49,11,39,0.11,9,42,7,4,13,0.45,1,4,0,2,1,1,2,2,2,1,1,108,6,0.74,19,0.37,0.34,56,5,6,2,11,0,1,0,3,4,12,2,7,1,12,0,2,10,4,6,6,3,12,5,0,0,12,9,11,5,12,12,FALSE,FALSE,TRUE,FALSE,FALSE,789,155,9246,7348,188289,40
org.apache.jackrabbit.test.api.version.VersionTest,MEDIUM,1059,0.28,11,0.47,5,59,0.35,8,38,6,1,4,0.48,0,3,1,2,1,1,2,1,1,1,0,119,0,0.7,41,0.5,0.78,1,8,6,3,3,8,6,0,10,1,0,10,1,2,10,2,7,5,4,2,6,10,2,4,4,2,4,10,2,1,5,2,FALSE,FALSE,TRUE,FALSE,FALSE,1,6,8,5,6,3
org.apache.jackrabbit.test.api.version.VersionTest,SEVERE,932,0.37,20,0.43,5,64,0.06,6,36,4,3,18,0.48,0,3,1,2,1,1,2,1,1,1,0,119,0,0.7,41,0.5,0.78,1,8,6,3,3,8,6,0,10,1,0,10,1,2,10,2,7,5,4,2,6,10,2,4,4,2,4,10,2,1,5,2,FALSE,FALSE,TRUE,FALSE,FALSE,789,155,9246,7348,188289,40
org.apache.jackrabbit.util.Text,MEDIUM,928,0.21,11,0.51,10,67,0.46,6,9,6,2,6,0.51,2,0,0,2,1,1,0,2,1,0,2,33,42,0.73,9,0.61,0.86,33,0,12,2,7,4,5,3,8,4,8,8,8,8,7,11,0,5,8,4,0,4,9,1,4,0,0,0,9,1,3,11,FALSE,FALSE,FALSE,TRUE,FALSE,11,1,6,11,1,1
org.apache.jackrabbit.util.Text,SEVERE,997,0.14,19,0.51,11,58,0.09,8,33,7,1,11,0.44,2,0,0,2,1,1,0,2,1,0,2,33,42,0.73,9,0.61,0.86,33,0,12,2,7,4,5,3,8,4,8,8,8,8,7,11,0,5,8,4,0,4,9,1,4,0,0,0,9,1,3,11,FALSE,FALSE,FALSE,TRUE,FALSE,789,155,9246,7348,188289,40
org.apache.jackrabbit.value.ValueHelper,MEDIUM,983,0.24,15,0.41,8,67,0.39,8,8,3,1,3,0.49,3,0,2,0,0,0,2,0,1,0,2,73,18,0.64,46,0.84,0.64,24,7,12,1,12,4,4,6,11,2,12,6,10,0,3,2,7,2,3,2,10,12,7,10,3,5,2,10,6,3,6,7,FALSE,FALSE,FALSE,FALSE,FALSE,9,10,11,3,11,3
org.apache.jackrabbit.value.ValueHelper,SEVERE,911,0.26,11,0.49,5,41,0.02,10,28,6,4,6,0.53,3,0,2,0,0,0,2,0,1,0,2,73,18,0.64,46,0.84,0.64,24,7,12,1,12,4,4,6,11,2,12,6,10,0,3,2,7,2,3,2,10,12,7,10,3,5,2,10,6,3,6,7,FALSE,FALSE,FALSE,FALSE,FALSE,789,155,9246,7348,188289,40
org.apache.jackrabbit.webdav.header.IfHeader,MEDIUM,930,0.49,17,0.55,10,47,0.42,2,33,4,1,7,0.4,2,9,1,2,0,2,2,1,1,1,1,90,18,0.65,40,0.47,0.63,73,12,3,6,9,5,4,8,7,3,2,8,5,7,1,6,9,4,0,12,6,12,1,1,5,12,0,12,0,9,2,12,FALSE,FALSE,FALSE,FALSE,FALSE,5,3,8,5,11,3
org.apache.jackrabbit.webdav.header.IfHeader,NON-SEVERE,904,0.7,11,0.49,6,43,0.69,10,39,5,2,0,0.47,2,9,1,2,0,2,2,1,1,1,1,90,18,0.65,40,0.47,0.63,73,12,3,6,9,5,4,8,7,3,2,8,5,7,1,6,9,4,0,12,6,12,1,1,5,12,0,12,0,9,2,12,FALSE,FALSE,FALSE,FALSE,FALSE,1855,212,11709,8793,102803,382
org.apache.jackrabbit.webdav.jcr.DefaultItemCollection,MEDIUM,993,0.24,18,0.43,6,48,0.45,7,6,3,4,5,0.44,1,0,1,0,2,1,0,2,0,1,0,43,38,0.55,20,0.67,0.06,37,8,3,4,12,7,10,11,2,4,7,1,8,7,10,8,0,2,9,4,8,12,9,11,5,9,1,3,4,2,4,3,FALSE,FALSE,FALSE,FALSE,FALSE,8,4,1,1,1,1
org.apache.jackrabbit.webdav.jcr.DefaultItemCollection,SEVERE,1026,0.28,10,0.42,8,65,0.11,10,9,5,4,16,0.54,1,0,1,0,2,1,0,2,0,1,0,43,38,0.55,20,0.67,0.06,37,8,3,4,12,7,10,11,2,4,7,1,8,7,10,8,0,2,9,4,8,12,9,11,5,9,1,3,4,2,4,3,FALSE,FALSE,FALSE,FALSE,FALSE,789,155,9246,7348,188289,40
org.apache.jackrabbit.webdav.server.AbstractWebdavServlet,MEDIUM,1089,0.23,10,0.5,8,41,0.35,4,8,3,4,7,0.47,2,10,0,2,0,0,2,0,2,2,0,91,1,0.17,43,0.51,0.16,60,10,2,4,12,9,0,3,6,4,6,4,11,5,12,4,5,9,0,0,9,5,2,6,11,2,11,6,11,2,7,4,FALSE,FALSE,FALSE,FALSE,FALSE,1,3,1,6,3,4
org.apache.jackrabbit.webdav.server.AbstractWebdavServlet,NON-SEVERE,926,0.74,17,0.43,6,55,0.71,2,17,7,3,2,0.47,2,10,0,2,0,0,2,0,2,2,0,91,1,0.17,43,0.51,0.16,60,10,2,4,12,9,0,3,6,4,6,4,11,5,12,4,5,9,0,0,9,5,2,6,11,2,11,6,11,2,7,4,FALSE,FALSE,FALSE,FALSE,FALSE,1855,212,11709,8793,102803,382
org.apache.jackrabbit.webdav.simple.DavResourceImpl,MEDIUM,1009,0.31,17,0.54,7,51,0.45,3,30,7,2,4,0.53,0,7,0,0,1,1,0,0,0,2,0,115,25,0.48,40,0.6,0.9,86,2,4,2,7,3,8,11,2,0,9,5,9,5,7,11,2,8,1,1,0,6,4,11,6,11,11,0,9,12,0,8,FALSE,FALSE,FALSE,FALSE,FALSE,11,12,9,4,0,9
org.apache.jackrabbit.webdav.simple.DavResourceImpl,SEVERE,916,0.05,14,0.44,8,68,0.05,6,17,3,2,17,0.41,0,7,0,0,1,1,0,0,0,2,0,115,25,0.48,40,0.6,0.9,86,2,4,2,7,3,8,11,2,0,9,5,9,5,7,11,2,8,1,1,0,6,4,11,6,11,11,0,9,12,0,8,FALSE,FALSE,FALSE,FALSE,FALSE,1196,192,9900,9201,117117,48
org.apache.jackrabbit.webdav.WebdavRequestImpl,MEDIUM,898,0.64,19,0.5,8,72,0.41,10,20,5,4,4,0.49,3,6,2,0,1,0,2,2,2,0,0,25,13,0.45,15,0.65,0.13,49,12,12,9,12,9,8,5,11,12,8,0,10,2,1,4,10,8,12,8,7,11,7,8,11,8,2,0,1,1,1,3,FALSE,FALSE,FALSE,FALSE,FALSE,1,11,0,2,3,6
org.apache.jackrabbit.webdav.WebdavRequestImpl,NON-SEVERE,1100,0.71,7,0.49,6,46,0.77,10,9,4,3,1,0.51,3,6,2,0,1,0,2,2,2,0,0,25,13,0.45,15,0.65,0.13,49,12,12,9,12,9,8,5,11,12,8,0,10,2,1,4,10,8,12,8,7,11,7,8,11,8,2,0,1,1,1,3,FALSE,FALSE,FALSE,FALSE,FALSE,1855,212,11709,8793,102803,382
org.apache.jackrabbit.webdav.xml.DomUtil,MEDIUM,1053,0.47,15,0.43,9,46,0.35,5,20,3,1,6,0.53,1,1,0,0,1,2,0,0,2,1,2,68,49,0.31,12,0.2,0.56,65,6,7,11,9,3,2,8,3,2,5,12,9,0,11,6,8,6,6,9,5,3,1,4,6,0,6,7,11,11,1,2,FALSE,FALSE,FALSE,TRUE,FALSE,5,4,5,1,3,7
org.apache.jackrabbit.webdav.xml.DomUtil,NON-SEVERE,993,0.75,15,0.5,9,71,0.88,5,21,5,3,0,0.4,1,1,0,0,1,2,0,0,2,1,2,68,49,0.31,12,0.2,0.56,65,6,7,11,9,3,2,8,3,2,5,12,9,0,11,6,8,6,6,9,5,3,1,4,6,0,6,7,11,11,1,2,FALSE,FALSE,FALSE,TRUE,FALSE,1855,212,11709,8793,102803,382
org.apache.lucene.analysis.br.BrazilianStemmer,NON-SEVERE,1074,0.69,8,0.48,7,43,0.78,7,16,4,3,1,0.49,0,7,0,8,0,0,0,1,6,0,1,31,0,0.047619,0,0.97619,0.125,6,10,59,0,420,77,0,0,6,0,0,0,0,0,6,0,0,8,0,0,0,0,0,8,0,0,0,0,8,0,0,1,FALSE,FALSE,FALSE,FALSE,FALSE,1855,212,11709,8793,102803,382
org.apache.lucene.analysis.charfilter.HTMLStripCharFilter,NON-SEVERE,1077,0.69,20,0.47,11,60,0.79,4,11,3,1,0,0.45,1,12,0,14,0,0,0,2,6,0,1,52,0,0.090909,0,0.923077,0.142857,2,17,92,0,1154,172,0,0,6,0,0,0,0,0,6,0,0,14,0,0,0,0,0,14,0,0,0,0,14,0,0,2,FALSE,FALSE,FALSE,FALSE,FALSE,1855,212,11709,8793,102803,382
org.apache.lucene.analysis.core.TestRandomChains,NON-SEVERE,910,0.71,12,0.51,7,67,0.77,9,18,5,2,1,0.44,0,6,0,6,0,0,0,0,3,0,1,15,0,0.2,0,0.8,0,0,17,92,0,1154,172,0,0,3,0,0,0,0,0,3,0,0,6,0,0,0,0,0,6,0,0,0,0,6,0,0,0,FALSE,FALSE,TRUE,FALSE,FALSE,1855,212,11709,8793,102803,382
org.apache.lucene.analysis.en.KStemmer,NON-SEVERE,1109,0.7,16,0.53,8,69,0.8,10,27,7,3,1,0.48,1,12,0,13,0,0,0,1,6,0,1,57,0,0.151515,1,0.888889,0.076923,1,6,27,0,444,54,0,0,0,6,0,0,0,0,6,0,0,13,0,0,0,0,0,13,0,0,0,0,13,0,0,1,FALSE,FALSE,FALSE,FALSE,FALSE,1855,212,11709,8793,102803,382
org.apache.lucene.analysis.hunspell.Dictionary,NON-SEVERE,895,0.69,14,0.44,7,42,0.72,5,14,6,4,0,0.49,0,10,0,10,0,0,0,0,5,0,1,22,0,0.111111,0,0.888889,0,0,3,8,1,62,30,0,0,5,0,0,0,0,0,5,0,0,11,0,0,0,0,0,11,0,0,0,0,11,0,1,0,FALSE,FALSE,FALSE,FALSE,FALSE,1855,212,11709,8793,102803,382
org.apache.lucene.analysis.ja.util.ToStringUtil,NON-SEVERE,1100,0.71,21,0.46,5,61,0.79,5,37,4,4,1,0.54,2,27,0,68,3,3,17,41,39,60,2,1078,35,0.129032,0,0.964791,0.458333,104,46,1076,5,33993,1556,0,12,26,1,0,13,13,13,26,0,0,60,3,5,0,0,0,68,0,0,0,0,68,38,0,3,FALSE,FALSE,FALSE,TRUE,FALSE,960,103,11810,10192,247421,69
org.apache.lucene.analysis.miscellaneous.ASCIIFoldingFilter,NON-SEVERE,1094,0.75,20,0.41,8,59,0.82,7,39,3,4,0,0.48,0,0,0,7,0,7,8,7,0,0,1,135,9,0,0,0,1,20,28,129,4,2768,165,0,0,0,0,0,0,0,0,0,0,0,4,3,0,0,6,0,1,7,6,0,1,0,7,0,0,FALSE,FALSE,FALSE,FALSE,FALSE,1908,124,12486,11008,214819,133
org.apache.lucene.analysis.standard.UAX29URLEmailTokenizerImpl,NON-SEVERE,923,0.74,20,0.42,11,59,0.72,3,31,3,2,1,0.5,1,2,0,6,0,0,2,4,4,0,1,38,2,0.666667,0,0.85,0.666667,5,28,129,4,2768,165,0,0,4,0,0,1,1,1,3,0,0,6,0,0,0,0,0,6,0,0,0,0,6,2,0,2,FALSE,FALSE,FALSE,FALSE,FALSE,1908,124,12486,11008,214819,133
org.apache.lucene.analysis.standard.WordBreakTestUnicode_6_3_0,NON-SEVERE,1091,0.71,7,0.54,8,45,0.7,3,32,6,4,2,0.43,0,4,0,5,0,0,0,1,2,0,1,8,0,0.333333,1,0.75,0.2,1,28,129,4,2768,165,0,0,0,0,2,0,0,0,2,0,0,5,0,0,0,0,0,5,0,0,0,0,5,0,0,1,FALSE,FALSE,TRUE,FALSE,FALSE,1908,124,12486,11008,214819,133
org.apache.lucene.analysis.synonym.TestSynonymMapFilter,NON-SEVERE,1084,0.69,8,0.47,8,55,0.86,8,11,6,3,0,0.47,2,7,2,56,1,14,15,49,29,0,1,1057,40,0.259958,0,0.971787,0.644068,114,248,1771,6,32688,2040,0,15,12,0,2,14,18,14,11,0,4,45,2,0,10,7,0,50,16,0,7,16,34,49,1,0,FALSE,FALSE,TRUE,FALSE,FALSE,1908,124,12486,11008,214819,133
org.apache.lucene.analysis.wikipedia.WikipediaTokenizerImpl,NON-SEVERE,998,0.74,11,0.5,10,50,0.8,4,17,4,2,2,0.48,0,0,0,2,1,1,3,2,1,49,5,54,2,0,0,1,1,2,69,182,1,4524,247,0,0,1,0,0,1,1,1,0,0,0,3,0,0,0,0,0,3,0,0,0,0,3,2,1,0,FALSE,FALSE,FALSE,FALSE,FALSE,1538,183,15627,11949,283829,106
org.apache.lucene.codecs.lucene50.Lucene50DocValuesProducer,NON-SEVERE,1005,0.75,8,0.53,7,41,0.78,5,20,7,4,0,0.4,1,21,0,29,2,5,10,8,24,41,4,322,16,0.259259,0,0.96131,0.16,28,69,182,1,4524,247,0,0,19,5,0,2,2,2,22,0,0,25,0,4,0,0,0,29,0,0,0,0,29,7,0,1,FALSE,FALSE,FALSE,FALSE,FALSE,1538,183,15627,11949,283829,106
org.apache.lucene.codecs.lucene50.Lucene50PostingsReader,NON-SEVERE,1021,0.72,21,0.47,6,53,0.83,2,22,6,3,0,0.55,2,19,0,22,1,0,0,3,16,0,1,44,0,0.1,0,0.988095,0.107143,4,3,23,0,687,46,0,6,10,0,0,6,6,6,10,0,0,22,0,0,0,0,0,22,0,0,0,0,22,2,0,1,FALSE,FALSE,FALSE,FALSE,FALSE,1538,183,15627,11949,283829,106
org.apache.lucene.index.CheckIndex,NON-SEVERE,1089,0.73,21,0.44,11,66,0.88,8,10,4,4,0,0.53,1,0,0,19,0,6,5,19,3,0,1,94,7,0.006536,0,1,1,25,1,19,0,94,19,0,0,3,0,0,0,1,0,2,0,1,19,0,0,0,0,0,19,0,0,0,0,19,18,0,1,FALSE,FALSE,FALSE,FALSE,FALSE,2096,64,13676,11072,315953,37
org.apache.lucene.index.ConcurrentMergeScheduler,NON-SEVERE,898,0.69,10,0.44,8,41,0.87,7,28,4,4,2,0.53,0,0,0,1,0,0,2,1,1,101,7,27,1,1,0,0,1,1,760,1182,1,32189,1188,0,0,1,0,0,1,1,1,0,0,0,1,0,0,0,0,0,1,0,0,0,0,1,0,0,1,FALSE,FALSE,FALSE,FALSE,FALSE,2096,64,13676,11072,315953,37
org.apache.lucene.index.IndexWriter,NON-SEVERE,1048,0.7,15,0.46,5,43,0.85,8,20,4,2,1,0.46,1,4,0,5,0,0,0,1,5,0,1,30,0,0,0,1,0.2,1,159,3633,16,85061,4912,0,0,5,0,0,5,1,1,0,4,0,5,0,0,0,0,0,5,0,0,0,0,5,0,0,1,FALSE,FALSE,FALSE,FALSE,FALSE,2096,64,13676,11072,315953,37
org.apache.lucene.index.SegmentInfos,NON-SEVERE,988,0.74,12,0.49,7,50,0.79,5,26,3,3,2,0.48,0,23,0,105,29,124,23,82,49,677,3,1595,88,0.041209,3,0.98803,0.642857,471,159,3633,16,85061,4912,0,22,21,6,0,24,26,24,23,0,2,105,0,1,0,0,0,106,0,0,0,0,106,82,1,0,FALSE,FALSE,FALSE,FALSE,FALSE,2096,64,13676,11072,315953,37
org.apache.lucene.index.SortingLeafReader,NON-SEVERE,916,0.73,7,0.42,6,54,0.74,6,36,5,2,1,0.47,0,22,0,67,40,84,13,45,54,737,4,1493,44,0.128671,0,0.995511,0.447917,295,159,3633,16,85061,4912,0,32,22,0,0,39,39,39,15,0,0,64,0,3,0,1,0,66,0,0,1,0,66,44,0,1,FALSE,FALSE,FALSE,FALSE,FALSE,2096,64,13676,11072,315953,37
org.apache.lucene.index.TestAddIndexes,NON-SEVERE,1020,0.71,11,0.48,7,57,0.79,8,23,7,1,0,0.4,0,0,3,1,0,1,1,1,0,2,2,65,1,1,0,0,1,1,134,428,2,12585,454,0,0,0,0,0,0,0,0,0,0,0,1,0,0,0,0,0,1,0,0,0,0,1,1,0,0,FALSE,FALSE,TRUE,FALSE,FALSE,1571,291,17113,11938,260912,66
org.apache.lucene.index.TestBackwardsCompatibility,NON-SEVERE,959,0.72,7,0.51,11,52,0.86,8,14,4,1,2,0.49,0,1,0,3,0,1,1,2,3,0,1,16,0,1,0,0.833333,0.666667,2,134,428,2,12585,454,1,0,0,3,0,0,0,0,3,0,0,3,0,0,0,0,0,3,0,0,0,0,3,1,0,1,FALSE,FALSE,TRUE,FALSE,FALSE,1571,291,17113,11938,260912,66
org.apache.lucene.index.TestBinaryDocValuesUpdates,MEDIUM,1005,0.73,11,0.55,10,49,0.79,7,18,3,2,1,0.45,1,1,1,0,1,0,0,0,2,1,2,38,1,0.8,29,0.71,0.57,64,7,5,9,11,2,10,11,8,3,2,4,0,3,12,5,6,1,8,7,11,1,4,12,10,12,2,5,9,3,12,4,FALSE,FALSE,TRUE,FALSE,FALSE,8,6,6,12,11,8
org.apache.lucene.index.TestDemoParallelLeafReader,MEDIUM,1026,0.69,17,0.54,9,45,0.7,2,27,7,4,1,0.5,0,3,0,1,1,0,2,0,1,1,2,77,16,0.21,47,0.6,0.87,6,7,10,9,4,11,2,4,2,4,2,8,0,1,9,0,9,10,5,0,6,3,0,4,3,3,6,2,10,11,3,10,FALSE,FALSE,TRUE,FALSE,FALSE,12,5,4,8,10,11
org.apache.lucene.index.TestDirectoryReader,MEDIUM,1087,0.71,21,0.44,9,68,0.78,4,14,4,2,2,0.55,3,7,0,0,2,0,1,0,2,0,1,112,7,0.8,32,0.11,0.08,94,10,3,1,2,1,9,6,2,2,3,9,6,9,1,10,4,0,6,6,3,4,7,7,1,7,5,11,11,5,12,10,FALSE,FALSE,TRUE,FALSE,FALSE,0,7,2,12,6,4
org.apache.lucene.index.TestDocValuesIndexing,MEDIUM,1018,0.71,18,0.52,6,46,0.8,9,18,6,2,1,0.54,0,1,1,2,0,2,1,1,0,1,2,45,40,0.58,38,0.87,0.34,84,9,11,12,12,3,2,1,3,6,2,2,0,7,5,4,6,12,10,10,9,8,4,12,12,0,8,8,10,10,10,11,FALSE,FALSE,TRUE,FALSE,FALSE,8,0,7,8,12,0
org.apache.lucene.index.TestIndexWriter,MEDIUM,1020,0.72,17,0.41,6,64,0.87,5,18,7,1,2,0.53,1,2,0,1,2,1,2,0,0,2,0,95,46,0.82,35,0.47,0.41,50,5,6,8,10,1,4,1,5,3,4,5,0,12,10,0,10,6,3,8,6,10,9,5,0,10,9,11,3,0,6,1,FALSE,FALSE,TRUE,FALSE,FALSE,12,12,2,2,11,4
org.apache.lucene.index.TestIndexWriterDelete,NON-SEVERE,933,0.69,10,0.45,6,48,0.8,7,11,7,4,0,0.44,0,6,0,7,0,0,1,1,6,0,1,51,1,0,0,1,0.142857,7,35,431,0,6490,667,1,0,0,0,6,0,0,0,6,0,0,7,0,0,0,0,0,7,0,0,0,0,7,0,0,1,FALSE,FALSE,TRUE,FALSE,FALSE,1571,291,17113,11938,260912,66
org.apache.lucene.index.TestIndexWriterExceptions,NON-SEVERE,984,0.7,19,0.5,7,48,0.76,7,9,7,1,2,0.44,1,27,0,31,0,2,4,4,14,0,1,44,6,0.045977,0,0.959524,0.1,8,6,38,2,863,73,0,0,14,0,0,0,0,0,14,0,0,31,1,0,0,0,0,32,1,0,0,1,31,4,1,0,FALSE,FALSE,TRUE,FALSE,FALSE,1571,291,17113,11938,260912,66
org.apache.lucene.index.TestIndexWriterReader,NON-SEVERE,930,0.7,20,0.46,6,55,0.77,9,30,6,3,1,0.51,3,5,0,100,0,9,33,95,46,0,1,3446,103,0.500947,1,0.956083,0.94186,467,21,233,6,10160,347,0,0,1,45,0,2,3,2,43,0,1,86,0,14,0,30,0,70,7,0,30,7,63,93,0,2,FALSE,FALSE,TRUE,FALSE,FALSE,2045,148,17321,12962,390008,75
org.apache.lucene.index.TestNumericDocValuesUpdates,NON-SEVERE,917,0.69,14,0.47,11,68,0.73,6,13,5,4,1,0.49,11,16,1,60,0,39,33,44,34,520,5,1866,50,0.263645,0,0.955135,0.666667,271,324,1378,38,36313,1878,0,1,19,14,0,2,5,2,29,0,3,47,12,1,0,0,0,60,0,0,0,0,60,43,0,1,FALSE,FALSE,TRUE,FALSE,FALSE,2045,148,17321,12962,390008,75
org.apache.lucene.index.TestTermsEnum,NON-SEVERE,929,0.7,9,0.44,11,52,0.7,5,30,3,3,0,0.47,0,5,0,6,0,0,0,1,8,2,2,55,0,0,0,1,0.125,2,324,1378,38,36313,1878,0,2,1,5,0,1,3,1,5,0,2,6,0,0,0,0,0,6,0,0,0,0,6,0,0,1,FALSE,FALSE,TRUE,FALSE,FALSE,2045,148,17321,12962,390008,75
org.apache.pig.backend.hadoop.executionengine.mapReduceLayer.JobControlCompiler,MEDIUM,986,0.59,21,0.44,8,72,0.5,6,38,6,3,6,0.43,1,2,1,0,1,2,1,2,1,1,2,73,7,0.23,24,0.44,0.99,93,5,10,4,3,0,3,2,7,8,0,10,5,6,10,2,11,5,6,10,12,3,12,2,9,12,5,7,5,8,3,1,TRUE,TRUE,FALSE,FALSE,FALSE,9,5,2,9,5,7
org.apache.pig.backend.hadoop.executionengine.mapReduceLayer.MRCompiler,MEDIUM,995,0.66,11,0.49,5,54,0.43,6,10,3,3,5,0.41,0,2,2,0,1,0,1,2,0,2,0,48,49,0.12,34,0.74,0.41,31,2,5,12,9,0,12,10,1,1,11,10,10,12,2,5,11,11,4,12,8,10,3,12,8,6,3,0,8,11,7,10,FALSE,TRUE,FALSE,FALSE,FALSE,6,12,0,9,2,0
org.apache.pig.backend.hadoop.executionengine.mapReduceLayer.MultiQueryOptimizer,MEDIUM,1011,0.5,19,0.51,11,56,0.49,8,21,7,4,7,0.41,3,4,1,1,0,1,0,2,1,2,2,40,27,0.15,18,0.95,0.73,15,6,2,10,6,0,8,3,2,6,9,2,0,9,2,6,10,6,3,11,3,5,12,10,10,12,7,12,1,0,5,5,FALSE,TRUE,FALSE,FALSE,FALSE,4,0,8,12,7,0
org.apache.pig.backend.hadoop.executionengine.physicalLayer.expressionOperators.POCast,MEDIUM,1092,0.31,13,0.46,11,62,0.41,9,24,5,4,5,0.49,2,5,2,1,0,0,0,2,2,0,0,105,54,0.78,47,0.78,0.18,33,0,0,1,8,10,8,7,0,0,6,3,12,2,2,4,1,7,2,7,0,10,2,6,6,1,8,5,6,1,9,7,FALSE,TRUE,FALSE,FALSE,FALSE,5,2,0,3,2,12
org.apache.pig.backend.hadoop.executionengine.tez.plan.TezCompiler,MEDIUM,993,0.57,16,0.42,6,48,0.38,5,24,4,3,5,0.49,1,8,0,0,1,2,1,0,1,1,2,75,52,0.61,47,0.48,0.94,37,6,4,12,12,2,1,3,12,12,3,11,9,12,7,8,8,9,10,5,1,2,9,1,2,4,7,0,8,10,4,4,FALSE,TRUE,FALSE,FALSE,FALSE,8,2,4,6,4,1
org.apache.pig.backend.hadoop.hbase.HBaseStorage,MEDIUM,922,0.33,19,0.5,6,59,0.46,9,7,3,1,3,0.45,2,4,0,0,1,0,2,0,0,2,0,50,49,0.34,4,0.78,0.48,6,8,5,9,9,3,7,1,10,1,11,1,11,0,7,12,6,5,8,10,2,12,11,4,10,5,2,10,11,5,3,10,FALSE,FALSE,FALSE,FALSE,FALSE,2,10,2,12,10,0
org.apache.pig.data.BinInterSedes,MEDIUM,1105,0.53,8,0.41,10,40,0.46,7,36,4,3,6,0.45,1,8,2,2,0,2,0,2,0,1,2,98,16,0.09,4,0.16,0.57,67,0,3,2,12,2,10,2,6,4,9,10,10,3,7,1,11,7,10,2,4,5,2,4,3,4,4,2,2,8,0,10,FALSE,FALSE,FALSE,FALSE,FALSE,6,2,0,11,12,2
org.apache.pig.data.DataType,MEDIUM,919,0.4,12,0.53,11,40,0.49,6,23,4,1,4,0.51,1,8,0,2,0,0,1,0,2,1,0,71,29,1,19,0.28,0.62,70,4,5,10,11,1,0,3,12,5,0,12,4,8,8,0,11,9,1,5,6,10,7,7,11,4,1,10,5,10,2,12,FALSE,FALSE,FALSE,FALSE,FALSE,12,9,2,4,5,0
org.apache.pig.data.SchemaTuple,MEDIUM,928,0.28,18,0.48,11,41,0.5,4,24,7,1,6,0.49,3,5,0,2,0,1,0,1,1,1,1,107,5,0.1,47,0.44,0.3,65,4,9,0,12,10,0,3,2,3,9,8,3,9,5,4,8,0,4,12,0,0,6,6,1,7,3,5,0,11,9,5,FALSE,FALSE,FALSE,FALSE,FALSE,12,4,2,5,9,2
org.apache.pig.data.SchemaTupleClassGenerator,MEDIUM,936,0.57,14,0.45,7,58,0.44,5,14,5,1,7,0.43,0,1,1,2,0,0,2,2,0,2,0,93,15,0.27,25,0.53,0.33,9,6,12,12,4,7,1,3,2,12,4,4,12,0,2,5,2,12,7,11,3,4,12,5,5,11,4,0,7,11,12,11,FALSE,FALSE,FALSE,FALSE,FALSE,3,8,12,7,11,5
org.apache.pig.impl.io.FileLocalizer,MEDIUM,1055,0.26,21,0.5,9,47,0.46,4,27,7,1,7,0.44,2,10,1,1,2,2,2,0,2,2,2,82,31,0.76,51,0.29,0.07,66,10,6,10,4,8,11,7,5,11,2,1,6,12,4,1,1,2,11,12,7,1,3,6,1,0,12,9,3,2,4,1,FALSE,FALSE,FALSE,FALSE,FALSE,9,8,11,2,11,7
org.apache.pig.impl.logicalLayer.schema.Schema,MEDIUM,1097,0.4,14,0.47,6,42,0.35,3,14,5,1,6,0.41,2,0,2,2,0,0,1,1,2,0,1,40,27,0.76,44,0.11,0.93,95,8,5,9,4,5,1,9,9,4,5,5,4,4,11,5,0,0,6,12,7,1,10,9,2,5,9,7,8,8,4,11,FALSE,FALSE,FALSE,FALSE,FALSE,3,9,5,7,6,2
org.apache.pig.impl.PigContext,MEDIUM,896,0.4,7,0.43,10,55,0.46,8,8,5,1,5,0.52,1,9,1,0,1,1,2,0,0,2,1,33,51,0.89,11,0.92,0.26,86,3,7,4,0,11,11,0,12,5,6,12,9,10,3,10,5,11,4,12,9,6,6,10,2,5,5,5,5,0,3,8,FALSE,FALSE,FALSE,FALSE,FALSE,11,5,7,7,11,7
org.apache.pig.impl.plan.OperatorPlan,MEDIUM,924,0.42,9,0.52,10,59,0.35,2,14,5,2,3,0.48,2,0,0,2,2,2,2,2,1,0,2,120,53,0.2,3,0.41,0.25,13,6,2,2,10,4,7,11,8,1,12,8,9,11,3,6,4,5,3,9,11,2,8,8,8,4,4,0,1,12,0,6,FALSE,FALSE,FALSE,FALSE,FALSE,2,11,4,7,4,0
org.apache.pig.Main,MEDIUM,1106,0.31,11,0.44,11,55,0.39,7,27,4,2,4,0.48,1,5,2,1,2,2,2,2,2,1,1,95,44,0.2,44,0.98,0.39,59,3,5,9,9,2,5,2,8,2,9,8,5,9,10,5,0,1,9,6,12,1,12,2,9,2,3,11,12,6,11,6,FALSE,FALSE,FALSE,FALSE,FALSE,5,0,11,10,7,12
org.apache.pig.newplan.logical.relational.LogicalSchema,MEDIUM,952,0.51,11,0.53,9,58,0.43,9,29,4,3,6,0.49,3,5,1,1,1,2,2,0,2,1,2,115,25,0.52,34,0.48,0.93,60,6,11,4,7,10,7,3,9,6,0,10,11,3,2,12,6,5,1,5,0,8,4,11,5,0,7,2,11,12,12,10,FALSE,FALSE,FALSE,FALSE,FALSE,8,11,12,9,11,12
org.apache.pig.newplan.logical.relational.LogToPhyTranslationVisitor,MEDIUM,942,0.36,11,0.46,6,63,0.5,10,30,4,3,5,0.41,0,3,1,0,0,2,2,0,0,1,2,59,4,0.61,19,0.99,0.48,68,3,5,11,12,12,5,1,2,7,4,4,0,2,9,10,7,6,5,3,5,0,2,11,3,10,2,1,0,5,4,10,FALSE,FALSE,FALSE,FALSE,FALSE,2,2,7,2,0,6
org.apache.pig.parser.LogicalPlanBuilder,MEDIUM,1016,0.3,14,0.5,9,70,0.48,9,16,3,1,3,0.43,1,7,1,2,0,0,0,1,0,2,1,64,38,0.96,13,0.08,0.53,89,6,1,1,11,4,3,9,7,8,12,6,0,8,0,8,11,12,9,10,9,9,2,0,7,7,1,5,5,3,10,5,TRUE,FALSE,FALSE,FALSE,FALSE,4,8,5,4,4,12
org.apache.pig.pen.AugmentBaseDataVisitor,MEDIUM,903,0.3,7,0.52,9,70,0.49,7,14,5,2,7,0.42,2,7,2,2,2,1,0,0,2,0,2,79,52,0.58,13,0.78,0.47,94,9,4,0,3,4,7,10,9,9,8,5,11,9,5,9,1,4,1,2,7,1,4,7,5,1,12,1,1,10,5,10,FALSE,FALSE,FALSE,FALSE,FALSE,12,9,1,8,10,4
org.apache.pig.piggybank.evaluation.Over,MEDIUM,1007,0.39,19,0.44,8,64,0.48,5,10,6,2,7,0.42,1,8,2,1,1,1,0,0,2,1,1,73,5,0.39,48,0.56,0.62,30,10,5,1,12,2,5,2,3,5,12,1,12,5,5,4,1,1,11,9,11,1,1,3,6,9,4,3,11,0,10,6,FALSE,FALSE,FALSE,FALSE,FALSE,2,3,6,4,2,7
org.apache.pig.piggybank.evaluation.TestOver,MEDIUM,979,0.2,16,0.51,6,63,0.43,6,11,7,4,5,0.44,2,4,2,2,2,0,0,0,0,0,0,56,2,0.23,0,0.2,0.68,9,11,11,4,2,3,0,2,2,2,0,11,6,8,0,0,4,8,9,8,12,6,2,9,12,11,8,2,4,12,2,12,FALSE,FALSE,TRUE,FALSE,FALSE,7,4,11,9,11,12
org.apache.pig.piggybank.storage.IndexedStorage,MEDIUM,1010,0.27,20,0.43,5,62,0.48,4,9,7,1,4,0.46,3,0,1,1,2,1,2,0,0,0,1,110,48,0.67,22,0.03,0.32,34,6,6,10,11,2,5,2,6,6,5,4,7,10,3,12,11,2,3,2,1,7,8,2,12,4,3,11,1,4,11,12,FALSE,FALSE,FALSE,FALSE,FALSE,7,6,1,4,11,9
org.apache.pig.PigServer,MEDIUM,1080,0.43,15,0.54,10,70,0.4,4,24,3,2,4,0.52,0,6,0,0,0,1,2,2,1,0,0,95,12,0.68,10,0.22,0.84,91,7,6,8,6,1,8,10,2,7,0,8,6,8,9,7,2,11,3,8,6,9,5,6,2,10,8,11,3,7,7,9,FALSE,FALSE,FALSE,FALSE,FALSE,7,3,5,11,2,9
org.apache.pig.scripting.jruby.RubySchema,MEDIUM,1089,0.34,18,0.51,6,44,0.46,6,41,6,3,3,0.42,0,5,1,1,1,0,0,0,2,0,0,107,20,0.18,41,0.29,0.9,5,9,0,10,1,7,5,7,3,5,6,7,7,7,3,1,2,2,7,5,11,0,2,11,9,0,5,6,2,8,2,11,FALSE,FALSE,FALSE,FALSE,FALSE,8,10,7,11,0,2
org.apache.pig.test.pigmix.datagen.DataGenerator,MEDIUM,1087,0.5,7,0.41,8,66,0.46,5,29,3,3,5,0.45,0,8,2,1,0,2,2,1,1,0,1,46,17,0.02,50,0.09,0.59,74,8,12,12,4,5,2,11,0,1,5,7,12,6,10,9,3,3,11,9,12,7,12,5,10,5,3,6,3,7,12,5,FALSE,FALSE,TRUE,FALSE,FALSE,10,8,8,9,1,3
org.apache.pig.test.TestBuiltin,MEDIUM,1031,0.44,12,0.51,9,47,0.48,9,16,3,1,5,0.5,0,2,2,0,2,2,2,1,2,0,1,31,35,0.89,28,0.95,0.69,64,3,10,0,6,10,10,0,11,0,2,0,5,11,10,4,6,1,6,3,8,2,3,4,1,0,12,5,8,11,10,10,TRUE,FALSE,TRUE,FALSE,FALSE,4,5,6,0,0,0
org.apache.pig.test.TestDataBag,MEDIUM,1097,0.42,8,0.44,7,51,0.39,2,19,3,1,3,0.49,2,10,0,1,0,1,0,2,0,1,1,63,48,0.33,5,0.51,0.72,82,1,1,11,6,0,3,4,5,10,0,10,10,7,3,3,12,0,1,2,5,5,7,8,12,1,11,6,2,2,1,2,FALSE,FALSE,TRUE,FALSE,FALSE,6,1,0,5,11,7
org.apache.pig.test.TestEvalPipeline,MEDIUM,973,0.27,16,0.45,11,40,0.5,7,12,7,2,6,0.43,1,1,2,1,0,2,1,1,0,1,2,70,2,0.28,22,0.63,0.76,90,1,6,6,1,12,6,12,8,7,11,3,2,1,1,1,0,6,4,5,10,6,4,1,7,12,12,0,11,10,1,1,FALSE,FALSE,TRUE,FALSE,FALSE,7,0,1,4,1,5
org.apache.pig.test.TestEvalPipeline2,MEDIUM,898,0.22,15,0.43,8,65,0.46,4,42,5,2,5,0.43,2,9,0,2,2,2,0,2,0,0,2,57,3,0.9,55,0.27,0.63,81,1,9,1,1,7,0,2,7,3,12,11,6,10,10,4,8,0,1,2,3,11,3,10,9,5,10,11,2,6,8,6,FALSE,FALSE,TRUE,FALSE,FALSE,11,12,12,0,3,9
org.apache.pig.test.TestEvalPipelineLocal,MEDIUM,996,0.33,21,0.49,11,64,0.4,4,36,3,4,3,0.52,2,6,0,2,0,0,0,1,0,1,0,111,49,0.25,6,0.74,0.17,6,5,4,7,9,9,9,8,6,11,8,6,11,2,10,1,6,12,8,12,6,2,6,0,12,5,3,1,12,10,3,3,FALSE,FALSE,TRUE,FALSE,FALSE,10,12,4,11,7,4
org.apache.pig.test.TestGrunt,MEDIUM,927,0.56,9,0.48,10,56,0.39,9,11,5,3,5,0.44,3,8,1,2,2,1,1,2,0,1,2,61,46,0.63,22,0.18,0.16,42,9,3,1,2,9,0,4,6,2,10,8,5,11,0,12,10,8,0,1,3,7,3,5,5,6,12,0,9,10,10,9,FALSE,FALSE,TRUE,FALSE,FALSE,3,11,11,3,3,4
org.apache.pig.test.TestHBaseStorage,MEDIUM,1048,0.65,10,0.47,7,56,0.38,3,31,6,3,6,0.41,3,1,2,1,1,2,0,2,1,2,1,26,33,0.24,50,0.57,0.39,62,8,1,9,10,10,8,8,3,2,11,11,1,10,7,0,10,9,3,9,9,10,4,5,7,10,10,11,4,8,7,9,FALSE,FALSE,TRUE,FALSE,FALSE,0,9,7,6,8,11
org.apache.pig.test.TestLogicalPlanBuilder,MEDIUM,966,0.62,8,0.47,7,64,0.38,3,40,5,1,6,0.42,0,7,2,1,1,0,0,0,0,0,1,74,51,0.95,52,0.33,0.47,17,10,6,6,5,0,6,1,10,1,12,4,6,6,11,2,0,9,9,10,4,10,11,11,8,8,9,0,0,5,9,7,TRUE,FALSE,TRUE,FALSE,FALSE,8,3,3,12,9,11
org.apache.pig.test.TestMacroExpansion,MEDIUM,1071,0.46,17,0.44,11,60,0.46,10,8,3,1,6,0.44,3,1,1,1,2,0,2,0,0,0,1,84,36,0.89,4,0.08,0.76,46,9,6,1,7,2,8,0,9,4,0,4,12,12,2,4,5,9,2,12,11,9,8,2,10,11,6,4,1,6,3,5,FALSE,FALSE,TRUE,FALSE,FALSE,12,7,1,6,2,7
org.apache.pig.test.TestMRCompiler,MEDIUM,1068,0.53,19,0.47,7,55,0.42,7,35,3,4,6,0.41,2,10,0,0,1,0,1,2,2,1,0,119,12,0.1,37,0.14,0.6,56,8,12,1,2,0,9,12,10,8,7,10,7,3,7,3,0,3,4,3,6,6,10,4,12,0,2,5,7,1,1,1,FALSE,FALSE,TRUE,FALSE,FALSE,12,5,12,3,5,0
org.apache.pig.test.TestMultiQueryCompiler,SEVERE,892,0.63,15,0.51,6,67,0.39,2,27,3,4,7,0.53,1,4,0,6,1,0,0,2,4,0,1,18,0,0.2,0,0.9,0.125,3,26,217,4,2713,245,0,3,0,0,1,4,0,0,0,4,0,5,0,0,1,0,0,6,0,0,0,0,6,1,0,1,FALSE,FALSE,TRUE,FALSE,FALSE,1196,192,9900,9201,117117,48
org.apache.pig.test.TestNewPlanLogToPhyTranslationVisitor,SEVERE,1057,0.05,13,0.47,6,58,0.08,6,16,7,2,17,0.51,1,0,0,1,1,0,0,1,11,0,1,16,0,1,0,0,0.083333,1,7,66,0,822,68,0,11,0,0,0,0,0,0,11,0,0,2,0,0,0,0,0,2,0,0,0,0,2,1,1,0,FALSE,FALSE,TRUE,FALSE,FALSE,1093,80,8798,7670,126255,21
org.apache.pig.test.TestNewPlanOperatorPlan,SEVERE,1010,0.4,19,0.44,9,40,0.43,2,11,5,3,3,0.55,1,14,12,27,2,5,15,13,19,35,2,1413,32,0.22381,0,0.951417,0.391304,85,146,1241,29,19618,1466,0,0,19,0,0,4,1,1,15,3,0,23,0,3,1,1,0,26,0,0,1,0,26,7,0,6,FALSE,FALSE,TRUE,FALSE,FALSE,1093,80,8798,7670,126255,21
org.apache.pig.test.TestNewPlanPushDownForeachFlatten,SEVERE,1025,0.12,20,0.54,5,50,0.06,7,39,6,3,11,0.5,0,0,1,1,0,0,3,1,9,0,2,232,12,1,0,0,0.1,3,202,1342,4,24153,1681,1,9,0,0,0,0,0,0,9,0,0,1,0,0,0,0,0,1,0,0,0,0,1,0,0,1,FALSE,FALSE,TRUE,FALSE,FALSE,1093,80,8798,7670,126255,21
org.apache.pig.test.TestNewPlanPushUpFilter,SEVERE,1001,0.46,20,0.49,9,44,0.45,5,30,7,3,5,0.54,0,9,1,29,6,11,8,20,25,31,2,506,20,0.261905,0,0.909226,0.571429,80,202,1342,4,24153,1681,0,0,15,0,10,9,1,1,16,8,0,21,8,0,0,0,0,29,0,0,0,0,29,20,0,0,FALSE,FALSE,TRUE,FALSE,FALSE,1093,80,8798,7670,126255,21
org.apache.pig.test.TestParamSubPreproc,MEDIUM,1011,0.53,14,0.49,9,53,0.37,2,23,6,4,4,0.52,0,4,1,0,2,1,2,1,0,0,0,63,25,0.97,2,0.05,0.63,81,7,5,3,5,5,5,12,2,11,1,4,10,9,7,0,9,4,5,9,8,3,10,8,11,1,3,0,0,1,6,12,TRUE,FALSE,TRUE,FALSE,FALSE,7,2,9,0,8,7
org.apache.pig.test.TestPigRunner,MEDIUM,1034,0.45,16,0.49,10,51,0.43,3,24,3,4,3,0.46,2,6,2,1,2,1,2,2,0,2,2,115,18,0.97,6,0.91,0.07,9,7,1,7,9,7,8,7,2,7,4,11,1,9,1,3,4,5,8,6,5,0,8,1,10,9,6,11,8,2,0,0,FALSE,FALSE,TRUE,FALSE,FALSE,7,3,10,2,3,0
org.apache.pig.test.TestPigServer,MEDIUM,1013,0.59,11,0.55,9,48,0.36,4,42,4,2,6,0.45,3,10,0,2,0,0,0,2,0,0,0,76,28,1,23,0.22,0.38,20,11,0,1,6,3,11,8,11,9,5,3,11,8,4,9,0,3,4,4,1,2,10,5,4,10,12,0,8,11,12,7,FALSE,FALSE,TRUE,FALSE,FALSE,9,1,9,1,7,11
org.apache.pig.test.TestPOCast,MEDIUM,919,0.2,15,0.52,6,39,0.42,7,7,3,2,7,0.43,2,0,2,0,1,0,0,0,0,0,1,70,19,0.5,1,0.34,0.33,85,0,3,1,1,9,3,4,5,8,11,5,10,1,4,2,3,0,6,12,11,0,11,2,10,0,11,2,9,4,3,8,FALSE,FALSE,TRUE,FALSE,FALSE,6,10,10,12,9,5
org.apache.pig.test.TestPruneColumn,MEDIUM,980,0.63,21,0.42,9,56,0.38,5,39,6,3,5,0.45,1,10,2,1,1,0,0,2,2,1,0,91,25,0.37,36,0.48,0.94,90,8,8,5,1,7,11,12,12,7,12,4,12,11,5,12,6,5,11,4,9,0,0,11,0,1,8,12,2,1,4,12,FALSE,FALSE,TRUE,FALSE,FALSE,3,10,4,11,7,10
org.apache.pig.test.TestStore,MEDIUM,911,0.44,19,0.51,11,57,0.49,6,7,4,1,7,0.51,2,3,0,2,0,2,0,1,2,0,2,112,19,0.09,55,0.53,0.43,29,10,8,0,11,8,6,12,6,4,5,6,8,3,7,11,5,10,2,5,12,7,8,12,7,1,1,7,1,6,8,9,FALSE,FALSE,TRUE,FALSE,FALSE,10,5,2,5,0,9
org.apache.pig.test.TestTypeCheckingValidatorNewLP,MEDIUM,980,0.51,14,0.49,11,68,0.47,2,34,7,2,7,0.49,3,10,0,0,2,2,2,1,2,0,2,54,49,0.39,40,0.73,0.91,84,0,0,7,4,6,2,7,3,5,3,1,3,4,4,9,9,7,7,3,9,10,1,3,8,4,2,2,9,5,11,1,FALSE,FALSE,TRUE,FALSE,FALSE,0,11,5,9,11,0
org.apache.pig.test.Util,MEDIUM,943,0.37,18,0.44,11,46,0.42,8,29,4,2,4,0.54,0,2,2,2,0,1,0,2,1,1,1,91,20,0.95,51,0.73,0.14,96,10,2,2,0,5,3,2,9,9,7,0,4,2,11,6,8,11,0,6,5,8,2,5,7,12,3,0,9,2,1,4,FALSE,FALSE,TRUE,TRUE,FALSE,5,0,9,9,10,6
org.apache.pig.test.utils.GenPhyOp,MEDIUM,1052,0.33,13,0.45,9,48,0.35,2,29,5,3,6,0.49,3,7,0,1,2,2,0,1,0,1,1,110,24,0.11,30,0.76,0.84,66,6,5,2,1,4,0,4,6,8,12,9,8,2,3,9,8,4,2,12,8,9,0,3,4,3,10,3,0,8,6,10,FALSE,FALSE,TRUE,TRUE,FALSE,5,8,9,3,6,7
org.apache.pig.tools.grunt.GruntParser,MEDIUM,914,0.44,11,0.49,10,70,0.46,9,21,3,4,4,0.4,1,2,2,1,2,0,1,0,1,2,2,94,46,0.84,32,0.66,0.02,72,11,9,7,1,6,1,12,7,8,1,9,1,8,3,3,2,2,12,9,6,12,12,6,11,10,4,0,4,2,6,1,TRUE,FALSE,FALSE,FALSE,FALSE,12,10,2,2,4,4
org.apache.tools.bzip2r.CBZip2InputStream,MEDIUM,999,0.47,14,0.52,10,49,0.35,2,37,3,2,6,0.53,2,0,0,2,0,2,2,0,1,0,2,112,44,0.17,45,0.52,0.18,28,10,4,9,12,6,9,3,1,3,3,8,12,6,7,9,12,12,6,0,8,4,12,6,8,12,4,4,1,0,2,8,FALSE,FALSE,FALSE,FALSE,TRUE,1,3,9,0,12,7
org.apache.tools.bzip2r.CBZip2OutputStream,MEDIUM,910,0.54,21,0.41,11,58,0.37,10,29,7,2,6,0.48,1,10,0,1,1,1,0,0,0,1,1,95,14,0.14,19,0.76,0.05,66,8,3,10,0,5,4,10,4,8,2,6,7,7,10,7,6,8,3,4,5,12,11,11,4,5,9,7,0,1,4,9,FALSE,FALSE,FALSE,FALSE,TRUE,6,10,6,4,9,5
org.tartarus.snowball.ext.EnglishStemmer,NON-SEVERE,1047,0.72,15,0.43,6,39,0.71,6,18,3,4,2,0.44,0,0,0,3,0,1,3,3,0,67,4,31,4,0,0,0,1,4,4,17,0,277,18,0,0,0,0,0,0,0,0,0,0,0,1,0,2,0,0,0,3,0,0,0,0,3,2,0,1,FALSE,FALSE,FALSE,FALSE,TRUE,2361,192,18015,15303,284934,125
org.tartarus.snowball.ext.FinnishStemmer,NON-SEVERE,1084,0.75,13,0.42,8,72,0.75,4,24,3,2,1,0.41,0,1,0,2,0,0,2,1,3,539,6,93,2,1,0,1,0.5,2,47,199,0,4448,226,0,0,3,0,0,1,1,1,2,0,0,2,0,0,0,0,0,2,0,0,0,0,2,0,0,1,FALSE,FALSE,FALSE,FALSE,TRUE,2361,192,18015,15303,284934,125
org.tartarus.snowball.ext.FrenchStemmer,NON-SEVERE,942,0.71,15,0.45,11,45,0.84,9,14,3,2,0,0.5,2,0,0,78,0,0,0,78,8,50,2,2200,0,0.010723,0,0.993506,0.882353,826,16,426,3,13853,439,0,8,0,0,0,8,8,8,0,0,0,60,8,10,0,73,0,5,8,8,65,0,5,74,0,4,FALSE,FALSE,FALSE,FALSE,TRUE,2361,192,18015,15303,284934,125
org.tartarus.snowball.ext.HungarianStemmer,NON-SEVERE,1103,0.7,9,0.52,8,42,0.87,8,33,6,1,2,0.48,0,0,0,2,?,0,3,2,2,?,7,25,5,1,2,1,?,6,11,79,0,912,80,0,0,0,0,2,0,0,0,2,0,0,0,0,1,1,0,0,2,0,0,0,0,2,1,0,1,FALSE,FALSE,FALSE,FALSE,TRUE,2023,119,17693,16365,199533,77
org.tartarus.snowball.ext.ItalianStemmer,NON-SEVERE,1077,0.75,15,0.42,6,57,0.76,10,11,4,3,0,0.51,0,0,0,1,0,0,0,1,3,0,1,8,0,1,0,0,0.25,1,5,36,0,292,36,1,3,0,0,0,0,0,0,3,0,0,1,0,0,0,0,0,1,0,0,0,0,1,0,0,1,FALSE,FALSE,FALSE,FALSE,TRUE,2023,119,17693,16365,199533,77
org.tartarus.snowball.ext.KpStemmer,NON-SEVERE,1019,0.7,7,0.49,7,69,0.75,7,17,5,2,0,0.45,1,1,0,395,0,44,77,394,142,0,1,4124,156,0.000169,0,1,0.755299,937,16,957,3,19269,1001,0,126,0,16,0,138,138,138,4,0,0,393,0,2,0,1,0,394,387,1,0,386,8,392,0,2,FALSE,FALSE,FALSE,FALSE,TRUE,2023,119,17693,16365,199533,77
org.tartarus.snowball.ext.LovinsStemmer,NON-SEVERE,1048,0.7,10,0.53,10,66,0.78,6,27,3,4,0,0.4,0,0,0,1,0,0,0,1,0,15,5,7,0,1,0,0,1,1,5,8,0,43,8,0,0,0,0,0,0,0,0,0,0,0,1,0,0,0,0,0,1,0,0,0,0,1,0,0,1,FALSE,FALSE,FALSE,FALSE,TRUE,2330,131,19618,13899,299402,133
org.tartarus.snowball.ext.PorterStemmer,NON-SEVERE,992,0.7,10,0.44,9,70,0.77,8,12,6,1,2,0.46,0,0,0,4,0,0,0,4,0,15,4,18,0,1,0,0,1,4,5,8,0,43,8,0,0,0,0,0,0,0,0,0,0,0,4,0,0,0,0,0,4,0,0,0,0,4,0,0,4,FALSE,FALSE,FALSE,FALSE,TRUE,2330,131,19618,13899,299402,133
org.tartarus.snowball.ext.PortugueseStemmer,NON-SEVERE,1070,0.69,14,0.51,7,57,0.84,8,33,5,2,0,0.55,0,8,0,34,0,86,50,26,11,0,1,972,57,0.48,0,0.903581,0.75,116,18,159,0,4370,209,0,0,11,0,0,0,0,0,11,0,0,28,5,1,0,0,0,34,0,0,0,0,34,23,0,3,FALSE,FALSE,FALSE,FALSE,TRUE,2330,131,19618,13899,299402,133
org.tartarus.snowball.ext.SpanishStemmer,NON-SEVERE,930,0.72,7,0.55,8,69,0.72,9,20,4,1,1,0.43,3,5,0,0,1,2,0,0,2,0,1,95,23,0.91,47,0.02,0.15,84,0,5,8,5,3,7,1,10,8,8,8,0,9,10,8,3,3,4,5,11,1,2,5,9,7,9,7,12,6,10,5,FALSE,FALSE,FALSE,FALSE,TRUE,6,8,1,4,3,8
org.tartarus.snowball.ext.TurkishStemmer,NON-SEVERE,1102,0.71,21,0.48,9,62,0.83,6,17,4,4,2,0.47,2,0,1,1,1,0,0,1,1,2,0,74,53,0.82,28,0.46,0.95,25,10,1,3,9,5,5,11,9,2,6,5,11,11,7,3,11,8,7,4,1,8,3,12,6,12,10,3,4,4,4,0,FALSE,FALSE,FALSE,FALSE,TRUE,5,6,4,9,1,3
