class-name,perception,LOC,C3,CBO,MPC,RFC,WMC,Readability,Avg-commit-size,number-changes,number-committors,persistance,number-fixes,avg.dev.scattering,NOII_type,NOAM_type,NOCS_type,NOM_type,NMO_type,ATFD_type,FANOUT_type,NOMNAMM_type,NOA_type,NIM_type,DIT_type,LOC_type,LOCNAMM_type,CFNAMM_type,TCC_type,NOC_type,LCOM5_type,WOC_type,WMCNAMM_type,NOCS_package,NOMNAMM_package,NOI_package,LOC_package,NOM_package,isStatic_type,NOPA_type,number_private_visibility_attributes,number_protected_visibility_attributes,number_package_visibility_attributes,num_final_attributes,num_static_attributes,num_final_static_attributes,num_not_final_not_static_attributes,num_final_not_static_attributes,num_static_not_final_attributes,number_public_visibility_methods,number_private_visibility_methods,number_protected_visibility_methods,number_package_visibility_methods,number_final_methods,number_abstract_methods,number_not_abstract_not_final_methods,number_static_methods,number_final_static_methods,number_final_not_static_methods,number_not_final_static_methods,number_not_final_not_static_methods,number_standard_design_methods,number_constructor_DefaultConstructor_methods,number_constructor_NotDefaultConstructor_methods,is_controller,is_procedural,is_test,is_util,is_external,NOCS_project,NOI_project,NOM_project,NOMNAMM_project,LOC_project,NOPK_project
org.apache.cassandra.cli.CliClient,NON-SEVERE,2898,0.1,18,0.87,9,57,0.32,7,64,6,3,17,0.69,0,7,0,9,1,0,1,2,4,8,2,86,30,1,0.166667,0,0.84375,0.222222,2,61,399,1,14229,466,0,0,4,0,0,0,0,0,4,0,0,9,0,0,0,0,0,9,0,0,0,0,9,2,0,0,FALSE,FALSE,FALSE,FALSE,FALSE,102,2,808,724,19045,7
org.apache.cassandra.config.CFMetaData,SEVERE,2851,0.33,18,0.65,8,30,0.32,3,154,5,1,6,0.83,0,0,0,2,2,0,0,2,4,30,3,18,18,0,1,0,0.5,0.333333,4,20,72,0,701,72,0,4,0,0,0,0,1,0,3,0,1,2,0,0,0,0,0,2,0,0,0,0,2,2,0,0,FALSE,FALSE,FALSE,FALSE,FALSE,60,0,254,243,2453,2
org.apache.cassandra.config.DatabaseDescriptor,SEVERE,3207,0.28,10,0.68,10,46,0.27,4,187,6,3,7,0.87,0,0,0,7,0,2,1,7,3,32,3,34,34,2,1,0,1,0.571429,7,20,72,0,701,72,0,3,0,0,0,0,0,0,3,0,0,4,3,0,0,0,0,7,0,0,0,0,7,7,0,0,FALSE,FALSE,FALSE,FALSE,FALSE,60,0,254,243,2453,2
org.apache.cassandra.cql3.statements.SelectStatement,SEVERE,1947,0.14,18,0.84,10,66,0.34,2,174,4,1,8,0.71,0,0,0,1,0,0,0,1,2,32,3,4,4,0,1,0,0,0.333333,1,20,72,0,701,72,0,2,0,0,0,0,0,0,2,0,0,1,0,0,0,0,0,1,0,0,0,0,1,1,0,0,FALSE,FALSE,FALSE,FALSE,FALSE,60,0,254,243,2453,2
org.apache.cassandra.cql3.statements.SelectStatementTest,SEVERE,1672,0.33,11,0.81,11,40,0.3,2,69,4,2,11,0.6,0,0,0,4,0,0,2,4,1,32,3,35,35,3,1,0,1,0.5,8,20,72,0,701,72,0,1,0,0,0,0,0,0,1,0,0,1,3,0,0,0,0,4,0,0,0,0,4,4,0,0,FALSE,FALSE,TRUE,FALSE,FALSE,60,0,254,243,2453,2
org.apache.cassandra.db.ColumnFamilyStore,SEVERE,2191,0.23,7,0.59,8,54,0.25,3,95,5,2,18,0.59,0,0,0,2,1,4,2,2,1,25,2,16,16,3,0,0,1,0.5,3,20,72,0,701,72,0,1,0,0,0,0,1,0,0,0,1,2,0,0,1,0,0,3,1,0,0,1,2,2,1,0,FALSE,FALSE,FALSE,FALSE,FALSE,60,0,254,243,2453,2
org.apache.cassandra.db.ColumnFamilyStoreTest,SEVERE,3232,0.07,9,0.56,6,39,0.29,4,176,7,2,16,0.78,0,0,0,4,1,1,3,4,3,31,3,43,43,10,1,0,1,0.5,11,20,72,0,701,72,0,3,0,0,0,0,0,0,3,0,0,3,1,0,0,0,0,4,0,0,0,0,4,4,0,0,FALSE,FALSE,TRUE,FALSE,FALSE,60,0,254,243,2453,2
org.apache.cassandra.db.compaction.CompactionManager,SEVERE,3055,0.37,11,0.7,10,40,0.34,10,106,5,3,13,0.6,0,0,0,4,2,0,0,4,1,0,1,26,26,0,1,0,0.333333,1,7,20,72,0,701,72,0,0,0,0,1,0,0,0,1,0,0,4,0,0,0,0,0,4,0,0,0,0,4,3,0,1,TRUE,FALSE,FALSE,FALSE,FALSE,60,0,254,243,2453,2
org.apache.cassandra.db.context.CounterContext,SEVERE,3549,0.29,18,0.76,11,36,0.33,6,115,3,3,15,0.76,0,0,0,3,0,0,1,3,1,32,3,24,24,2,1,0,1,0.666667,4,20,72,0,701,72,0,1,0,0,0,0,0,0,1,0,0,2,1,0,0,0,0,3,0,0,0,0,3,3,0,0,FALSE,FALSE,FALSE,FALSE,FALSE,60,0,254,243,2453,2
org.apache.cassandra.db.SystemKeyspace,SEVERE,1652,0.18,13,0.58,11,34,0.34,6,102,6,2,16,0.8,0,0,0,0,0,0,0,0,0,0,1,2,2,0,1,0,0,0,0,20,72,0,701,72,0,0,0,0,0,0,0,0,0,0,0,0,0,0,0,0,0,0,0,0,0,0,0,0,0,0,TRUE,FALSE,FALSE,FALSE,FALSE,60,0,254,243,2453,2
org.apache.cassandra.gms.Gossiper,SEVERE,3662,0.37,19,0.66,5,50,0.29,4,207,7,1,17,0.55,0,0,0,6,3,5,3,6,1,30,3,44,44,5,0.2,0,0.6,1,14,20,72,0,701,72,0,0,0,0,1,0,0,0,1,0,0,4,0,0,3,0,0,7,0,0,0,0,7,6,1,0,FALSE,FALSE,FALSE,FALSE,FALSE,60,0,254,243,2453,2
org.apache.cassandra.hadoop.pig.CqlNativeStorage,SEVERE,3178,0.24,13,0.86,9,34,0.25,10,37,3,2,18,0.55,0,0,0,1,0,5,1,1,3,32,3,35,35,3,1,0,0,0.25,5,20,72,0,701,72,0,3,0,0,0,0,0,0,3,0,0,1,0,0,0,0,0,1,0,0,0,0,1,1,0,0,FALSE,FALSE,FALSE,FALSE,FALSE,60,0,254,243,2453,2
org.apache.cassandra.io.sstable.SSTableReader,SEVERE,2703,0.27,8,0.62,10,39,0.33,9,146,5,1,8,0.64,0,0,0,2,0,0,1,2,1,32,3,15,15,1,1,0,1,0.5,2,20,72,0,701,72,0,1,0,0,0,0,0,0,1,0,0,1,1,0,0,0,0,2,0,0,0,0,2,2,0,0,FALSE,FALSE,FALSE,FALSE,FALSE,60,0,254,243,2453,2
org.apache.cassandra.io.sstable.SSTableRewriterTest,SEVERE,3160,0.31,10,0.55,10,50,0.28,7,143,5,1,14,0.75,0,0,0,6,3,2,5,6,7,30,3,70,70,13,0.2,0,0.9,1,30,20,72,0,701,72,0,0,3,0,4,0,3,0,4,0,3,3,0,0,3,0,0,6,0,0,0,0,6,6,0,0,FALSE,FALSE,TRUE,FALSE,FALSE,60,0,254,243,2453,2
org.apache.cassandra.locator.TokenMetadata,SEVERE,3467,0.11,11,0.79,7,53,0.33,10,134,7,4,15,0.86,0,0,0,5,0,5,1,5,19,32,3,83,83,6,1,0,1,0.05,21,20,72,0,701,72,0,19,0,0,0,0,0,0,19,0,0,1,4,0,0,0,0,5,0,0,0,0,5,5,0,0,FALSE,FALSE,FALSE,FALSE,FALSE,60,0,254,243,2453,2
org.apache.cassandra.metrics.ColumnFamilyMetrics,SEVERE,1570,0.25,12,0.86,6,40,0.27,5,99,4,1,14,0.6,0,0,0,3,0,0,2,3,1,32,3,20,20,2,1,0,1,0.5,3,20,72,0,701,72,0,1,0,0,0,0,0,0,1,0,0,1,2,0,0,0,0,3,0,0,0,0,3,3,0,0,FALSE,FALSE,FALSE,FALSE,FALSE,60,0,254,243,2453,2
org.apache.cassandra.net.MessagingService,SEVERE,1699,0.19,18,0.65,7,57,0.3,5,99,7,1,18,0.88,0,0,0,5,1,4,3,5,1,25,2,49,49,6,0.1,0,0.75,0.5,8,40,171,0,1752,182,0,1,0,0,0,0,1,0,0,0,1,1,0,4,0,0,0,5,0,0,0,0,5,5,0,0,TRUE,FALSE,FALSE,FALSE,FALSE,60,0,254,243,2453,2
org.apache.cassandra.service.StorageProxy,SEVERE,2492,0.21,10,0.83,10,65,0.25,10,63,5,2,12,0.62,0,0,0,7,0,0,2,7,0,26,2,51,51,3,0,2,0,1,11,40,171,0,1752,182,0,0,0,0,0,0,0,0,0,0,0,7,0,0,0,0,0,7,3,0,0,3,4,7,0,0,TRUE,FALSE,FALSE,FALSE,FALSE,60,0,254,243,2453,2
org.apache.cassandra.service.StorageService,SEVERE,3651,0.15,20,0.69,9,38,0.33,11,130,5,2,16,0.7,0,0,0,7,0,5,2,7,4,0,1,72,72,7,0.714286,1,0.708333,0.5,11,40,171,0,1752,182,0,4,0,0,0,0,0,0,4,0,0,5,0,3,0,0,0,8,1,0,0,1,7,7,1,0,TRUE,FALSE,FALSE,FALSE,FALSE,60,0,254,243,2453,2
org.apache.cassandra.thrift.CassandraServer,NON-SEVERE,890,0.73,4,0.6,1,20,0.3,7,153,5,2,2,0.19,0,0,0,23,2,30,10,23,14,9,3,1288,1288,25,0.280702,0,0.87987,0.818182,287,61,399,1,14229,466,0,2,12,0,0,0,13,0,1,0,13,9,2,0,12,1,0,22,17,1,0,16,6,21,0,2,FALSE,FALSE,FALSE,FALSE,FALSE,102,2,808,724,19045,7
org.apache.cassandra.thrift.KsDef,NON-SEVERE,816,0.73,6,0.84,4,28,0.25,9,149,6,2,1,0.18,0,4,0,4,0,0,0,0,14,0,1,95,63,0,0.333333,0,1,0,0,61,399,1,14229,466,0,12,2,0,0,5,5,5,9,0,0,5,0,0,0,0,0,5,0,0,0,0,5,0,1,0,FALSE,FALSE,FALSE,FALSE,FALSE,102,2,808,724,19045,7
org.apache.cassandra.thrift.MultiSliceRequest,NON-SEVERE,2027,0.24,10,0.86,5,65,0.32,5,200,3,3,13,0.87,0,0,0,70,0,6,2,70,55,0,1,2999,2999,6,0.495021,0,0.928327,0.888889,684,61,399,1,14229,466,0,2,36,0,17,0,28,0,27,0,28,16,31,0,23,5,0,65,38,0,5,38,27,69,0,1,FALSE,FALSE,FALSE,FALSE,FALSE,102,2,808,724,19045,7
org.apache.cassandra.thrift.SliceRange,NON-SEVERE,880,0.74,6,0.63,4,16,0.3,12,110,3,1,2,0.12,2,0,2,17,?,3,7,17,10,?,7,571,571,19,0.363636,1,0.89375,?,45,33,165,1,3052,176,0,0,10,0,0,0,0,0,10,0,0,9,4,4,0,0,2,15,0,0,0,0,17,15,0,2,FALSE,FALSE,FALSE,FALSE,FALSE,100,5,703,613,14480,7
org.apache.cassandra.thrift.TimedOutException,NON-SEVERE,826,0.75,4,0.85,1,21,0.3,8,79,4,2,0,0.19,0,0,0,2,0,2,2,2,2,574,6,66,66,2,1,0,1,1,8,33,165,1,3052,176,1,0,2,0,0,0,0,0,2,0,0,2,0,0,0,0,0,2,0,0,0,0,2,1,0,1,FALSE,FALSE,FALSE,FALSE,FALSE,100,5,703,613,14480,7
org.apache.cassandra.thrift.TokenRange,NON-SEVERE,886,0.7,3,0.75,2,31,0.3,9,68,7,2,1,0.18,0,0,3,7,?,0,5,7,1,?,6,239,239,7,0,5,1,?,27,33,165,1,3052,176,0,0,0,1,0,0,0,0,1,0,0,6,1,0,0,0,2,5,2,0,0,2,5,5,0,2,FALSE,FALSE,FALSE,FALSE,FALSE,100,5,703,613,14480,7
org.apache.cassandra.tools.NodeProbe,SEVERE,1776,0.1,11,0.55,11,47,0.34,11,211,6,2,13,0.65,0,0,0,10,4,5,3,10,2,22,2,98,98,12,0.133333,13,0.888889,1,23,40,171,0,1752,182,0,0,0,2,0,0,0,0,2,0,0,6,0,4,0,0,0,10,0,0,0,0,10,10,0,0,FALSE,FALSE,FALSE,FALSE,FALSE,60,0,254,243,2453,2
org.apache.cassandra.utils.MerkleTree,SEVERE,2545,0.31,9,0.63,11,52,0.34,3,208,4,4,14,0.65,1,0,0,11,1,0,0,11,2,6,2,70,70,0,0.622222,0,0.7,1,19,40,171,0,1752,182,0,0,0,2,0,0,0,0,2,0,0,11,0,0,0,0,0,11,3,0,0,3,8,10,0,1,FALSE,FALSE,FALSE,TRUE,FALSE,60,0,254,243,2453,2
org.apache.cxf.systest.type_test.AbstractTypeTestClient4,SEVERE,2203,0.2,12,0.55,5,45,0.32,10,45,5,2,11,0.83,0,0,0,7,1,1,3,7,3,25,2,65,65,7,0.952381,1,0.5,0.833333,13,40,171,0,1752,182,0,1,0,2,0,0,2,0,1,0,2,5,0,2,0,0,0,7,0,0,0,0,7,7,0,0,FALSE,FALSE,TRUE,FALSE,FALSE,60,0,254,243,2453,2
org.apache.cxf.systest.ws.coverage_checker.CryptoCoverageCheckerTest,SEVERE,2472,0.34,9,0.67,8,60,0.32,8,139,7,2,9,0.61,0,1,17,11,0,0,18,10,5,0,1,244,239,18,0.345455,9,0.8,0.6,32,40,171,0,1752,182,0,5,0,0,0,0,0,0,5,0,0,11,0,1,0,0,0,12,4,0,0,4,8,10,1,0,FALSE,FALSE,TRUE,FALSE,FALSE,60,0,254,243,2453,2
org.apache.cxf.systest.ws.rm.SequenceTest,SEVERE,2972,0.34,21,0.68,9,65,0.32,9,185,3,3,11,0.69,0,1,1,27,0,7,5,26,7,0,1,283,278,13,0.390769,7,0.961538,0.758621,54,40,171,0,1752,182,0,6,0,1,0,0,4,0,3,0,4,24,1,3,0,0,0,28,3,0,0,3,25,26,1,0,FALSE,FALSE,TRUE,FALSE,FALSE,60,0,254,243,2453,2
org.apache.cxf.systest.ws.saml.SamlTokenTest,SEVERE,2325,0.22,20,0.6,11,54,0.33,5,56,7,3,18,0.64,0,0,0,2,1,0,0,2,2,0,1,19,19,0,1,0,0.5,1,3,40,171,0,1752,182,0,0,0,0,2,0,0,0,2,0,0,2,0,0,1,0,0,3,0,0,0,0,3,2,1,0,FALSE,FALSE,TRUE,FALSE,FALSE,60,0,254,243,2453,2
org.apache.cxf.systest.ws.x509.X509TokenTest,SEVERE,1871,0.27,18,0.73,9,40,0.27,5,112,3,3,17,0.77,0,1,0,1,1,0,0,0,0,10,3,5,0,0,1,0,0,0,0,40,171,0,1752,182,1,0,0,0,0,0,0,0,0,0,0,1,0,0,1,0,0,2,0,0,0,0,2,0,1,0,FALSE,FALSE,TRUE,FALSE,FALSE,60,0,254,243,2453,2
org.apache.cxf.tools.corba.processors.idl.IDLLexer,SEVERE,3603,0.1,15,0.59,7,54,0.32,11,82,4,2,10,0.84,0,0,0,1,1,0,0,1,0,10,2,5,5,0,1,1,0,1,1,40,171,0,1752,182,1,0,0,0,0,0,0,0,0,0,0,1,0,0,1,0,0,2,0,0,0,0,2,1,1,0,TRUE,FALSE,FALSE,FALSE,FALSE,60,0,254,243,2453,2
org.apache.cxf.tools.corba.processors.idl.IDLParser,SEVERE,3353,0.37,19,0.7,11,50,0.28,2,148,3,3,13,0.88,0,1,0,1,1,0,0,0,0,10,3,5,0,0,1,0,0,0,0,40,171,0,1752,182,1,0,0,0,0,0,0,0,0,0,0,1,0,0,1,0,0,2,0,0,0,0,2,0,1,0,TRUE,FALSE,FALSE,FALSE,FALSE,60,0,254,243,2453,2
org.apache.cxf.tools.corba.processors.wsdl.WSDLParameter,SEVERE,1878,0.22,15,0.57,10,56,0.34,11,129,4,4,9,0.57,0,0,0,4,0,0,1,4,0,15,4,18,18,4,1,0,0,1,4,8,100,1,2639,109,0,0,0,0,0,0,0,0,0,0,0,4,0,0,0,0,0,4,0,0,0,0,4,0,0,4,TRUE,FALSE,FALSE,FALSE,FALSE,48,1,245,233,6694,4
org.apache.cxf.tools.corba.processors.wsdl.WSDLToCorbaBinding,SEVERE,3630,0.34,10,0.74,8,60,0.33,5,185,7,2,17,0.76,0,0,0,6,1,0,0,6,3,14,3,50,50,0,1,1,0.6,1,13,8,100,1,2639,109,0,0,0,0,3,0,0,0,3,0,0,6,0,0,0,0,0,6,0,0,0,0,6,1,0,5,TRUE,FALSE,FALSE,FALSE,FALSE,48,1,245,233,6694,4
org.apache.cxf.tools.corba.processors.wsdl.WSDLToCorbaHelper,SEVERE,1656,0.36,10,0.75,11,63,0.33,4,185,7,2,17,0.59,1,0,2,29,0,106,25,29,4,0,1,1371,1371,51,1,0,0.723214,1,328,8,100,1,2639,109,0,0,1,0,3,0,0,0,4,0,0,4,25,0,0,0,0,29,6,0,0,6,23,27,0,2,TRUE,FALSE,FALSE,FALSE,FALSE,48,1,245,233,6694,4
org.apache.cxf.tools.corba.processors.wsdl.WSDLToIDLAction,SEVERE,2293,0.12,10,0.72,9,41,0.29,10,212,5,2,17,0.66,0,0,0,10,0,96,1,10,3,0,1,243,243,1,1,0,0.481481,1,47,8,100,1,2639,109,0,0,0,0,3,0,0,0,3,0,0,2,8,0,0,0,0,10,0,0,0,0,10,9,0,1,TRUE,FALSE,FALSE,FALSE,FALSE,48,1,245,233,6694,4
org.apache.cxf.tools.corba.processors.WSDLToCorbaBindingTest,SEVERE,3229,0.08,15,0.67,5,59,0.32,6,39,7,1,15,0.6,0,0,0,2,0,0,1,2,1,0,2,14,14,1,1,0,1,0.666667,2,8,100,1,2639,109,1,1,0,0,0,0,0,0,1,0,0,2,0,0,0,0,0,2,0,0,0,0,2,0,0,2,TRUE,FALSE,TRUE,FALSE,FALSE,48,1,245,233,6694,4
org.apache.cxf.tools.corba.processors.WSDLToCorbaBindingTypeTest,SEVERE,3568,0.19,9,0.69,6,37,0.34,7,155,4,2,13,0.55,0,0,2,2,0,0,1,2,8,0,2,76,76,1,1,0,1,0.2,2,32,46,0,1690,48,0,8,0,0,0,0,0,0,8,0,0,2,0,0,0,0,0,2,0,0,0,0,2,0,0,2,TRUE,FALSE,TRUE,FALSE,FALSE,48,1,245,233,6694,4
org.apache.cxf.tools.corba.processors.WSDLToIDLGenerationTest,SEVERE,2348,0.06,16,0.75,11,33,0.26,3,94,6,2,12,0.77,0,0,0,2,0,0,0,2,0,11,2,15,15,0,0,0,0,1,2,2,5,0,44,5,0,0,0,0,0,0,0,0,0,0,0,3,0,0,0,0,0,3,0,0,0,0,3,2,1,0,TRUE,FALSE,TRUE,FALSE,FALSE,58,2,541,326,7842,11
org.apache.cxf.tools.java2wsdl.processor.JavaToProcessorTest,SEVERE,3623,0.33,13,0.56,11,64,0.33,2,151,7,1,17,0.56,0,0,0,3,0,0,2,3,0,7,2,29,29,2,0,0,0,1,4,2,5,0,44,5,0,0,0,0,0,0,0,0,0,0,0,3,0,0,0,0,0,3,0,0,0,0,3,3,0,0,TRUE,FALSE,TRUE,FALSE,FALSE,58,2,541,326,7842,11
org.apache.cxf.tools.wadlto.jaxrs.JAXRSContainerTest,SEVERE,3698,0.19,13,0.65,5,38,0.34,5,127,4,3,8,0.79,0,39,0,40,0,15,3,1,20,0,1,330,330,3,0.087179,0,0.971795,0.025,1,5,27,0,1293,138,0,0,20,0,0,0,1,0,19,0,1,41,0,0,0,0,0,41,0,0,0,0,41,1,1,0,FALSE,FALSE,TRUE,FALSE,FALSE,58,2,541,326,7842,11
org.apache.cxf.tools.wadlto.jaxrs.SourceGenerator,SEVERE,2314,0.34,17,0.59,5,63,0.29,5,94,4,4,9,0.83,0,18,0,25,1,5,4,7,9,10,2,199,37,3,0.243333,0,0.898148,0.28,7,5,27,0,1293,138,0,0,9,0,0,0,0,0,9,0,0,26,0,0,0,0,0,26,0,0,0,0,26,7,1,0,FALSE,FALSE,FALSE,FALSE,FALSE,58,2,541,326,7842,11
org.apache.cxf.tools.wsdlto.databinding.jaxb.JAXBDataBinding,SEVERE,2548,0.29,11,0.79,7,60,0.32,9,91,4,3,12,0.87,0,0,0,3,0,1,2,3,0,72,5,88,88,3,1,0,0,1,10,3,28,0,619,34,0,0,0,0,0,0,0,0,0,0,0,2,1,0,0,0,0,3,1,0,0,1,2,2,0,1,FALSE,FALSE,FALSE,FALSE,FALSE,56,5,502,445,10835,4
org.apache.cxf.tools.wsdlto.frontend.jaxws.customization.CustomizationParser,SEVERE,2659,0.36,18,0.83,10,31,0.32,9,172,3,3,12,0.73,1,6,0,30,0,0,1,24,11,0,1,518,390,1,0.261084,0,0.937304,0.8,42,3,28,0,619,34,0,0,0,11,0,5,5,5,6,0,0,30,0,0,0,0,0,30,0,0,0,0,30,23,0,1,TRUE,FALSE,FALSE,FALSE,FALSE,56,5,502,445,10835,4
org.apache.cxf.tools.wsdlto.frontend.jaxws.processor.internal.ParameterProcessor,SEVERE,2269,0.36,20,0.59,9,61,0.29,8,132,3,4,17,0.62,2,9,3,47,0,19,11,38,48,0,1,1342,1264,30,0.49359,0,0.949275,0.709677,213,40,277,5,7963,322,0,1,13,34,0,24,19,19,24,5,0,31,7,9,1,7,0,41,2,2,5,0,41,38,1,0,TRUE,FALSE,FALSE,FALSE,FALSE,56,5,502,445,10835,4
org.apache.cxf.tools.wsdlto.frontend.jaxws.processor.internal.ServiceProcessor,SEVERE,2059,0.36,16,0.61,11,48,0.34,7,176,7,4,18,0.76,3,9,6,50,0,0,10,41,96,0,1,3600,3405,26,0.272895,0,0.980867,0.395349,256,40,277,5,7963,322,0,19,15,62,0,55,47,47,41,8,0,25,3,21,2,5,0,46,7,2,3,5,41,41,1,0,TRUE,FALSE,FALSE,FALSE,FALSE,56,5,502,445,10835,4
org.apache.cxf.tools.wsdlto.jaxws.CodeGenBugTest,SEVERE,3158,0.38,14,0.66,8,44,0.27,4,133,7,4,12,0.84,1,0,0,18,0,61,9,18,2,0,1,1097,1097,36,0.269231,0,0.882353,1,286,40,277,5,7963,322,0,0,2,0,0,2,0,0,0,2,0,2,5,12,0,0,0,19,0,0,0,0,19,18,1,0,FALSE,FALSE,TRUE,FALSE,FALSE,56,5,502,445,10835,4
org.apache.cxf.tools.wsdlto.jaxws.CodeGenTest,SEVERE,3057,0.2,8,0.73,8,40,0.27,2,186,6,3,18,0.71,2,7,0,11,1,0,0,4,6,0,1,112,64,0,0.361111,0,0.8,0.3,4,40,277,5,7963,322,1,0,0,6,0,0,0,0,6,0,0,10,0,0,1,0,0,11,0,0,0,0,11,2,0,2,FALSE,FALSE,TRUE,FALSE,FALSE,56,5,502,445,10835,4
org.apache.cxf.tools.wsdlto.WSDLToJavaContainer,SEVERE,3535,0.27,7,0.82,11,37,0.3,4,193,6,2,17,0.61,0,0,10,4,0,0,10,4,0,0,1,196,196,11,0,0,0,1,8,30,106,4,993,111,0,0,0,0,0,0,0,0,0,0,0,2,2,0,0,0,0,4,4,0,0,4,0,4,0,0,FALSE,FALSE,FALSE,FALSE,FALSE,91,9,585,567,8432,3
org.apache.jena.graph.test.AbstractTestGraph,MEDIUM,3023,0.29,10,0.58,9,43,0.27,5,180,7,1,13,0.84,1,36,4,89,0,3,5,53,97,520,5,2078,1633,4,0.115126,0,0.959583,0.292929,88,50,400,1,12877,545,0,34,59,2,2,34,34,34,63,0,0,65,3,21,0,0,0,89,0,0,0,0,89,52,0,1,FALSE,FALSE,TRUE,FALSE,FALSE,426,16,1879,1530,33431,22
org.apache.jena.graph.test.TestNode,MEDIUM,2636,0.05,8,0.84,10,39,0.25,11,38,3,2,6,0.63,0,2,3,25,3,0,3,23,7,13,2,596,576,3,0.181159,0,0.970238,0.454545,64,50,400,1,12877,545,0,4,0,2,1,4,4,4,3,0,0,7,0,18,0,0,0,25,0,0,0,0,25,22,0,1,FALSE,FALSE,TRUE,FALSE,FALSE,426,16,1879,1530,33431,22
org.apache.jena.graph.test.TestTypedLiterals,MEDIUM,3048,0.22,18,0.58,6,41,0.31,11,157,4,3,10,0.65,1,7,1,55,3,32,3,48,46,13,2,2214,2128,3,0.326797,0,0.961755,0.392857,255,50,400,1,12877,545,0,15,23,8,0,17,17,17,29,0,0,13,35,7,0,0,0,55,0,0,0,0,55,46,0,2,FALSE,FALSE,TRUE,FALSE,FALSE,426,16,1879,1530,33431,22
org.apache.jena.iri.impl.LexerHost,MEDIUM,1647,0.33,7,0.83,11,35,0.34,8,52,5,4,11,0.87,0,5,1,24,3,0,2,19,11,13,2,1231,1166,4,0.300725,0,0.901186,0.384615,133,50,400,1,12877,545,0,3,0,4,4,3,3,3,8,0,0,11,0,14,0,2,0,23,0,0,2,0,23,19,1,0,FALSE,FALSE,FALSE,FALSE,FALSE,426,16,1879,1530,33431,22
org.apache.jena.iri.impl.LexerPath,MEDIUM,2883,0.25,20,0.74,5,42,0.34,3,105,5,1,17,0.69,1,5,0,11,0,0,0,6,6,0,1,121,83,0,0.177778,0,0.9,1,8,50,400,1,12877,545,0,0,2,0,4,0,0,0,6,0,0,1,0,0,10,0,0,11,0,0,0,0,11,5,0,1,FALSE,FALSE,FALSE,FALSE,FALSE,426,16,1879,1530,33431,22
org.apache.jena.iri.impl.LexerQuery,MEDIUM,1842,0.22,18,0.67,11,51,0.26,9,70,4,3,15,0.83,1,3,0,50,3,44,3,47,50,13,2,2044,2022,8,0.35,0,0.963673,0.318182,216,50,400,1,12877,545,0,12,25,13,0,14,14,14,36,0,0,10,33,7,0,0,0,50,0,0,0,0,50,46,0,1,FALSE,FALSE,FALSE,FALSE,FALSE,426,16,1879,1530,33431,22
org.apache.jena.iri.impl.LexerScheme,MEDIUM,3557,0.09,21,0.57,9,45,0.31,11,92,3,2,12,0.58,0,8,0,9,0,0,0,1,4,0,1,75,11,0,0.142857,0,0.875,0.111111,1,22,94,0,3009,112,1,0,0,4,0,0,0,0,4,0,0,9,0,0,0,0,0,9,0,0,0,0,9,0,0,1,FALSE,FALSE,FALSE,FALSE,FALSE,426,16,1879,1530,33431,22
org.apache.jena.iri.impl.LexerUserinfo,MEDIUM,3414,0.29,14,0.55,7,36,0.25,3,174,5,3,7,0.56,0,0,0,2,0,0,1,2,7,7,2,129,129,2,1,0,1,0.285714,26,9,18,0,348,18,0,5,2,0,0,5,5,5,2,0,0,2,0,0,0,0,0,2,0,0,0,0,2,1,0,1,FALSE,FALSE,FALSE,FALSE,FALSE,485,19,2169,1864,34855,37
org.apache.jena.iri.impl.LexerXHost,MEDIUM,1762,0.33,12,0.79,9,47,0.26,12,179,5,1,12,0.68,0,3,0,5,0,0,1,2,19,0,1,120,83,0,0,0,1,0.095238,2,1,3,1,132,6,0,16,3,0,0,16,16,16,3,0,0,5,0,0,0,0,0,5,0,0,0,0,5,0,0,2,FALSE,FALSE,FALSE,FALSE,FALSE,485,19,2169,1864,34855,37
org.apache.jena.iri.IRIFactory,MEDIUM,1797,0.34,21,0.82,9,39,0.26,2,53,7,2,17,0.62,0,13,0,15,0,0,0,2,7,0,1,97,17,0,0.089744,0,0.928571,0.133333,2,6,21,0,758,39,0,0,7,0,0,0,0,0,7,0,0,15,0,0,0,0,0,15,0,0,0,0,15,0,0,2,FALSE,TRUE,FALSE,FALSE,FALSE,485,19,2169,1864,34855,37
org.apache.jena.iri.ViolationCodes,MEDIUM,3678,0.38,7,0.7,9,51,0.3,2,46,6,2,11,0.66,0,5,0,8,0,0,0,3,3,0,1,47,17,0,0.2,0,0.857143,0,3,6,21,0,758,39,0,0,3,0,0,0,0,0,3,0,0,0,0,0,8,0,0,8,0,0,0,0,8,1,0,2,FALSE,FALSE,FALSE,FALSE,FALSE,485,19,2169,1864,34855,37
org.apache.jena.jdbc.connections.AbstractJenaConnectionTests,MEDIUM,2742,0.14,15,0.63,11,64,0.34,3,158,5,3,15,0.73,0,0,0,72,0,12,53,72,33,0,1,1550,1550,67,0.154327,0,0.970951,0.847222,193,30,326,3,7907,389,0,11,22,0,0,5,33,5,0,0,28,61,7,0,4,2,0,70,72,2,0,70,0,72,0,0,FALSE,FALSE,TRUE,FALSE,FALSE,485,19,2169,1864,34855,37
org.apache.jena.jdbc.connections.JenaConnection,MEDIUM,3421,0.29,14,0.7,10,37,0.3,4,99,4,2,12,0.63,1,2,1,40,0,14,12,38,22,0,1,1127,1100,34,0.426743,0,0.963869,0.727273,162,3,46,0,1238,49,0,5,5,12,0,8,7,7,14,1,0,17,1,22,0,0,0,40,0,0,0,0,40,37,0,1,FALSE,FALSE,FALSE,FALSE,FALSE,280,36,2923,2438,52319,44
org.apache.jena.jdbc.JenaDriver,MEDIUM,1837,0.24,11,0.61,5,58,0.28,7,141,7,3,9,0.64,1,0,0,3,0,1,0,3,0,0,1,29,29,0,0,?,0,?,7,3,46,0,1238,49,0,0,0,0,0,0,0,0,0,0,0,3,0,0,1,0,0,4,0,0,0,0,4,3,1,0,TRUE,FALSE,FALSE,FALSE,FALSE,280,36,2923,2438,52319,44
org.apache.jena.jdbc.metadata.JenaMetadata,MEDIUM,1790,0.32,20,0.84,8,50,0.34,3,138,5,4,16,0.74,1,6,0,6,0,0,0,0,3,0,1,61,19,0,0.2,0,0.8,0,0,71,469,7,12094,560,0,0,3,0,0,0,0,0,3,0,0,7,0,0,0,0,0,7,0,0,0,0,7,0,1,0,FALSE,FALSE,FALSE,FALSE,FALSE,280,36,2923,2438,52319,44
org.apache.jena.jdbc.metadata.results.MetaResultSet,MEDIUM,2764,0.26,15,0.59,6,35,0.27,4,108,6,1,12,0.6,2,39,46,157,?,43,69,118,39,?,1,3877,3392,181,0.24011,2,0.989645,?,377,71,469,7,12094,560,0,0,22,17,0,6,6,5,32,1,1,91,4,62,0,0,2,155,0,0,0,0,157,118,0,0,FALSE,FALSE,FALSE,FALSE,FALSE,280,36,2923,2438,52319,44
org.apache.jena.jdbc.results.AbstractResultSetTests,MEDIUM,981,0.61,6,0.84,9,27,0.26,6,144,3,1,6,0.41,2,4,0,31,2,3,1,27,28,0,1,1399,1357,1,0.278325,1,0.92619,0.75,325,36,462,9,12436,596,0,0,3,25,0,14,14,14,14,0,0,12,1,18,0,0,0,31,1,0,0,1,30,26,0,1,FALSE,FALSE,TRUE,FALSE,FALSE,280,36,2923,2438,52319,44
org.apache.jena.jdbc.results.JenaResultSet,MEDIUM,884,0.48,4,0.77,6,14,0.31,4,148,6,2,7,0.45,1,3,0,21,0,38,27,18,63,0,1,1381,1277,60,0.4,0,0.986508,0.140845,148,15,266,0,5065,282,0,59,4,0,0,60,59,59,3,1,0,12,8,1,0,0,0,21,1,0,0,1,20,15,0,3,FALSE,FALSE,FALSE,FALSE,FALSE,280,36,2923,2438,52319,44
org.apache.jena.jdbc.statements.AbstractJenaStatementTests,MEDIUM,804,0.36,3,0.71,8,28,0.28,6,91,3,2,3,0.4,0,4,0,9,1,0,0,5,35,0,1,177,161,0,0.535714,0,0.953571,0.217391,26,8,30,1,1005,38,0,14,2,19,0,19,21,19,14,0,2,9,0,0,0,0,0,9,1,0,0,1,8,4,0,1,FALSE,FALSE,TRUE,FALSE,FALSE,297,25,2742,2257,38451,33
org.apache.jena.jdbc.statements.JenaPreparedStatement,MEDIUM,1091,0.36,6,0.85,5,25,0.27,12,151,4,1,3,0.4,0,4,0,6,0,1,3,2,2,4,2,36,24,3,0.6,0,0.6,0.2,2,48,197,1,3877,376,0,0,0,2,0,0,0,0,2,0,0,5,0,1,0,0,0,6,0,0,0,0,6,1,0,1,FALSE,FALSE,FALSE,FALSE,FALSE,297,25,2742,2257,38451,33
org.apache.jena.jdbc.statements.JenaStatement,MEDIUM,957,0.4,5,0.63,8,21,0.27,7,41,4,4,3,0.3,0,6,0,7,0,0,0,1,3,0,1,21,3,0,0.2,0,0.833333,0.142857,1,48,197,1,3877,376,1,0,0,3,0,0,0,0,3,0,0,7,0,0,0,0,0,7,0,0,0,0,7,0,0,1,FALSE,FALSE,FALSE,FALSE,FALSE,297,25,2742,2257,38451,33
org.apache.jena.ontology.impl.OntClassImpl,MEDIUM,919,0.27,3,0.78,10,31,0.29,12,168,4,4,3,0.32,0,6,0,7,0,0,0,1,3,0,1,20,2,0,0.2,0,0.666667,0.142857,1,48,197,1,3877,376,1,0,0,3,0,0,0,0,3,0,0,7,0,0,0,0,0,7,0,0,0,0,7,0,0,1,FALSE,FALSE,FALSE,FALSE,FALSE,297,25,2742,2257,38451,33
org.apache.jena.ontology.impl.OntModelImpl,MEDIUM,864,0.31,4,0.78,9,31,0.28,2,101,3,2,3,0.33,0,0,0,1,0,0,0,1,6,0,1,16,16,0,1,0,0,0,1,12,139,0,2723,147,1,6,0,0,0,0,0,0,6,0,0,0,0,1,0,0,0,1,0,0,0,0,1,0,0,1,FALSE,FALSE,FALSE,FALSE,FALSE,297,25,2742,2257,38451,33
org.apache.jena.ontology.impl.OntPropertyImpl,MEDIUM,1088,0.53,6,0.55,9,21,0.32,7,99,6,3,6,0.23,0,0,0,1,0,0,4,1,6,0,1,71,71,4,1,0,0,0,1,13,58,0,3667,65,0,6,0,0,0,6,6,6,0,0,0,0,1,0,0,0,0,1,0,0,0,0,1,0,0,1,FALSE,FALSE,FALSE,FALSE,FALSE,297,25,2742,2257,38451,33
org.apache.jena.ontology.impl.OntResourceImpl,MEDIUM,1008,0.27,3,0.69,9,31,0.28,4,80,4,1,5,0.27,0,0,0,8,0,0,1,8,3,0,1,269,269,1,1,0,0.857143,1,24,1,8,0,269,8,0,0,0,3,0,2,3,2,0,0,1,4,5,0,0,3,0,6,2,1,2,1,5,8,1,0,FALSE,FALSE,FALSE,FALSE,FALSE,388,47,2957,2678,55590,33
org.apache.jena.ontology.impl.TestClassExpression,SEVERE,3192,0.15,14,0.77,8,63,0.28,6,151,5,3,15,0.58,0,0,0,2,0,0,1,2,3,0,1,26,26,2,1,0,0.5,1,2,30,106,4,993,111,1,0,0,0,3,0,0,0,3,0,0,1,0,0,1,0,0,2,0,0,0,0,2,1,0,1,FALSE,FALSE,TRUE,FALSE,FALSE,91,9,585,567,8432,3
org.apache.jena.ontology.impl.TestOntModel,SEVERE,3401,0.13,13,0.82,10,51,0.32,7,154,5,1,8,0.79,0,4,0,11,1,0,0,7,4,0,1,107,67,0,0.418182,0,0.8,0.636364,7,30,106,4,993,111,0,0,0,0,4,0,0,0,4,0,0,11,0,0,1,0,0,12,0,0,0,0,12,7,1,0,FALSE,FALSE,TRUE,FALSE,FALSE,91,9,585,567,8432,3
org.apache.jena.ontology.impl.TestResource,SEVERE,3062,0.28,10,0.63,11,41,0.31,10,61,6,3,6,0.57,0,0,1,4,1,0,4,4,5,14,2,166,166,4,0.5,0,0.6,1,10,7,34,0,713,36,0,0,5,0,0,1,1,1,4,0,0,2,0,2,0,0,0,4,0,0,0,0,4,4,0,0,FALSE,FALSE,TRUE,FALSE,FALSE,66,10,629,479,11929,13
org.apache.jena.ontology.Profile,MEDIUM,976,0.39,7,0.55,5,25,0.33,6,57,6,1,3,0.39,1,2,0,11,?,0,0,9,1,?,1,382,337,0,0,2,1,?,41,1,9,0,382,11,0,0,0,1,0,0,0,0,1,0,0,8,1,2,0,0,2,9,1,0,0,1,10,8,0,1,FALSE,FALSE,FALSE,FALSE,FALSE,405,36,2714,2245,69144,40
org.apache.jena.permissions.impl.SecuredItemImpl,MEDIUM,820,0.22,3,0.88,10,30,0.28,2,179,4,2,6,0.52,0,13,0,15,0,2,2,2,6,0,1,175,34,1,0.090909,0,0.928571,0.142857,2,9,58,0,1713,72,0,0,6,0,0,0,0,0,6,0,0,14,1,0,0,0,0,15,0,0,0,0,15,0,0,2,FALSE,FALSE,FALSE,FALSE,FALSE,405,36,2714,2245,69144,40
org.apache.jena.permissions.model.impl.SecuredModelImpl,MEDIUM,951,0.35,3,0.59,5,29,0.27,5,194,4,2,7,0.39,0,0,2,25,2,17,13,25,52,4,2,1157,1157,31,0.25,0,0.969551,0.380952,119,12,67,1,2003,73,0,13,39,0,0,28,32,28,20,0,4,8,17,0,0,4,0,21,8,4,0,4,17,25,0,0,FALSE,FALSE,FALSE,FALSE,FALSE,405,36,2714,2245,69144,40
org.apache.jena.permissions.model.impl.SecuredRDFListImpl,MEDIUM,995,0.58,4,0.55,7,14,0.3,8,54,5,4,4,0.23,0,4,0,5,0,0,0,1,4,0,1,35,11,0,0,0,1,0.2,1,12,67,1,2003,73,0,0,4,0,0,0,0,0,4,0,0,5,0,0,0,0,0,5,0,0,0,0,5,0,0,1,FALSE,FALSE,FALSE,FALSE,FALSE,405,36,2714,2245,69144,40
org.apache.jena.permissions.model.impl.SecuredResourceImpl,MEDIUM,811,0.34,3,0.67,5,22,0.28,12,150,3,2,4,0.33,0,1,1,62,0,33,22,61,69,15,2,2958,2937,48,0.333333,0,0.980993,0.375,388,11,115,1,4599,128,0,10,43,14,2,32,34,32,35,0,2,6,52,4,0,1,0,61,8,1,0,7,54,60,0,1,FALSE,FALSE,FALSE,FALSE,FALSE,405,36,2714,2245,69144,40
org.apache.jena.permissions.model.SecuredModel,MEDIUM,847,0.43,4,0.72,6,20,0.25,7,98,7,2,6,0.29,0,10,0,10,0,0,0,0,5,0,1,109,109,0,0.111111,0,0.888889,0,0,7,32,0,1457,56,0,0,5,0,0,0,0,0,5,0,0,11,0,0,0,0,0,11,0,0,0,0,11,0,1,0,FALSE,FALSE,FALSE,FALSE,FALSE,405,36,2714,2245,69144,40
org.apache.jena.permissions.model.SecuredModelTest,MEDIUM,835,0.58,4,0.67,7,17,0.31,2,132,6,3,7,0.23,1,12,2,26,0,10,4,14,17,0,1,1184,953,13,0.286765,0,0.941176,0.266667,97,12,46,1,2496,76,0,0,1,16,0,0,1,0,16,0,1,15,8,3,0,0,0,26,0,0,0,0,26,13,0,1,FALSE,FALSE,TRUE,FALSE,FALSE,399,23,2996,2349,53577,32
org.apache.jena.permissions.model.SecuredRDFListTest,MEDIUM,1047,0.33,4,0.87,6,14,0.29,10,157,4,1,5,0.41,0,6,0,7,1,0,0,1,3,0,1,44,14,0,0.238095,0,0.777778,0.142857,1,9,30,0,710,43,0,0,3,0,0,0,0,0,3,0,0,8,0,0,0,0,0,8,0,0,0,0,8,1,1,0,FALSE,FALSE,TRUE,FALSE,FALSE,399,23,2996,2349,53577,32
org.apache.jena.permissions.model.SecuredSeqTest,MEDIUM,851,0.54,4,0.7,8,17,0.3,6,77,4,4,3,0.47,2,3,0,45,2,28,9,42,37,516,4,1065,1033,38,0.252439,0,0.935065,0.806452,196,45,839,12,16067,1014,0,4,0,33,0,0,3,0,34,0,3,27,3,14,1,0,0,45,0,0,0,0,45,41,0,1,FALSE,FALSE,TRUE,FALSE,FALSE,399,23,2996,2349,53577,32
org.apache.jena.rdf.model.impl.ModelCom,SEVERE,1436,0.22,17,0.71,7,59,0.34,7,77,3,4,16,0.64,1,0,0,1,0,2,1,1,0,0,1,34,34,1,1,?,0,?,6,7,34,0,713,36,0,0,0,0,0,0,0,0,0,0,0,1,0,0,1,0,0,2,0,0,0,0,2,1,1,0,FALSE,FALSE,FALSE,FALSE,FALSE,66,10,629,479,11929,13
org.apache.jena.rdf.model.impl.RDFListImpl,SEVERE,3622,0.24,11,0.7,9,37,0.26,3,181,3,3,8,0.84,3,9,7,63,?,3,5,54,23,?,2,2005,1910,11,0.383503,3,0.953717,?,233,11,101,0,2259,113,0,2,4,17,0,9,6,6,14,3,0,34,10,19,0,4,4,55,1,0,4,1,58,50,0,4,FALSE,FALSE,FALSE,FALSE,FALSE,66,10,629,479,11929,13
org.apache.jena.rdf.model.Model,SEVERE,2181,0.21,21,0.85,5,30,0.25,6,209,5,3,18,0.8,1,7,0,16,1,0,0,9,7,0,1,175,105,0,0.2,0,0.866667,0.5625,9,4,32,0,659,53,0,0,7,0,0,0,0,0,7,0,0,16,0,0,0,0,0,16,0,0,0,0,16,8,0,1,FALSE,FALSE,FALSE,FALSE,FALSE,66,10,629,479,11929,13
org.apache.jena.rdf.model.ModelCon,SEVERE,3530,0.38,12,0.87,7,36,0.26,12,79,6,4,9,0.57,0,0,0,1,0,0,0,1,6,0,1,38,38,0,1,0,0,0,1,11,31,4,509,45,0,6,0,0,0,6,6,6,0,0,0,0,1,0,0,0,0,1,0,0,0,0,1,0,0,1,FALSE,FALSE,FALSE,FALSE,FALSE,66,10,629,479,11929,13
org.apache.jena.rdf.model.test.TestSeqMethods,MEDIUM,959,0.39,4,0.82,7,19,0.25,3,50,5,4,7,0.34,2,38,2,139,0,9,17,101,28,0,1,2907,2435,70,0.308466,2,0.975845,0.669565,436,45,839,12,16067,1014,0,0,0,28,0,0,0,0,28,0,0,115,3,21,0,0,0,139,2,0,0,2,137,97,0,4,FALSE,FALSE,TRUE,FALSE,FALSE,399,23,2996,2349,53577,32
org.apache.jena.rdfxml.xmlinput.NTriple,SEVERE,2357,0.11,13,0.83,9,36,0.26,5,161,6,3,12,0.81,0,0,1,11,0,0,1,11,1,0,1,146,146,1,0.622222,1,0.3,1,17,3,16,0,197,16,0,0,1,0,0,0,0,0,1,0,0,10,0,0,1,9,0,2,0,0,9,0,2,10,0,1,FALSE,FALSE,FALSE,FALSE,FALSE,66,8,641,438,8425,14
org.apache.jena.rdfxml.xmlinput.WGTestSuite,SEVERE,2154,0.31,18,0.7,9,39,0.26,9,157,7,2,17,0.88,1,0,0,1,0,0,0,1,0,0,1,42,42,0,1,0,0,1,7,3,16,0,197,16,0,0,0,0,0,0,0,0,0,0,0,1,1,0,0,0,0,2,0,0,0,0,2,1,1,0,TRUE,FALSE,TRUE,FALSE,FALSE,66,8,641,438,8425,14
org.apache.jena.rdfxml.xmloutput.impl.BaseXMLWriter,SEVERE,2653,0.33,11,0.63,5,42,0.27,12,48,7,3,11,0.76,0,0,0,4,?,0,2,4,4,?,2,51,51,4,0,1,1,?,11,3,16,0,197,16,0,0,0,4,0,0,0,0,4,0,0,4,0,0,0,1,2,1,0,0,1,0,3,3,0,1,FALSE,FALSE,FALSE,FALSE,FALSE,66,8,641,438,8425,14
org.apache.jena.rdfxml.xmloutput.impl.Unparser,SEVERE,1417,0.14,14,0.87,11,62,0.25,12,176,4,1,13,0.82,0,9,0,12,1,0,1,3,7,0,1,164,79,0,0.30303,0,0.857143,0.25,11,6,47,1,762,77,0,0,7,0,0,0,2,0,5,0,2,13,0,0,0,0,0,13,0,0,0,0,13,3,1,0,TRUE,FALSE,FALSE,FALSE,FALSE,66,8,641,438,8425,14
org.apache.jena.reasoner.rulesys.FBRuleInfGraph,SEVERE,3510,0.2,18,0.79,10,39,0.26,6,191,4,1,14,0.7,0,8,0,15,1,0,0,7,4,0,1,97,49,0,0.461538,0,0.732143,0.428571,7,1,7,0,97,15,0,0,4,0,0,0,0,0,4,0,0,14,0,1,0,0,0,15,0,0,0,0,15,5,0,2,FALSE,FALSE,FALSE,FALSE,FALSE,66,8,641,438,8425,14
org.apache.jena.reasoner.rulesys.impl.FRuleEngine,SEVERE,2734,0.29,12,0.56,8,31,0.26,9,106,4,3,16,0.63,0,1,0,7,0,11,12,6,5,0,1,321,306,20,0.2,0,0.866667,0.75,48,14,112,4,2893,139,0,0,5,0,0,0,0,0,5,0,0,4,1,2,0,3,0,4,1,1,2,0,4,5,0,1,FALSE,FALSE,FALSE,FALSE,FALSE,66,8,641,438,8425,14
org.apache.jena.reasoner.rulesys.impl.LPInterpreter,MEDIUM,1113,0.34,3,0.68,9,20,0.3,4,201,5,3,4,0.32,0,17,0,18,0,0,0,1,9,0,1,179,43,0,0.058824,0,0.947712,0.055556,1,4,39,0,2335,117,0,0,0,9,0,0,0,0,9,0,0,18,0,0,0,0,0,18,0,0,0,0,18,0,0,1,FALSE,FALSE,FALSE,FALSE,FALSE,399,23,2996,2349,53577,32
org.apache.jena.reasoner.rulesys.impl.RuleClauseCode,MEDIUM,857,0.5,6,0.88,7,25,0.25,11,206,4,1,7,0.4,1,2,0,7,2,0,2,5,2,11,2,98,68,4,1,0,0.666667,0.6,6,9,50,0,1207,69,0,0,1,0,1,1,1,1,1,0,0,5,0,0,2,0,0,7,0,0,0,0,7,2,0,3,FALSE,FALSE,FALSE,FALSE,FALSE,515,79,3790,3254,68929,48
org.apache.jena.reasoner.rulesys.Rule,SEVERE,2300,0.33,17,0.81,10,61,0.25,12,44,6,4,12,0.69,0,0,2,9,0,1,4,9,5,0,1,200,200,2,1,0,0.825,1,20,14,26,0,817,116,0,0,5,0,0,2,2,2,3,0,0,6,3,0,0,0,0,9,2,0,0,2,7,8,0,1,FALSE,FALSE,FALSE,FALSE,FALSE,153,16,689,510,8378,3
org.apache.jena.reasoner.rulesys.test.TestBackchainer,MEDIUM,881,0.23,7,0.66,9,16,0.3,8,63,6,4,4,0.44,0,0,0,2,0,0,0,2,0,0,1,44,44,0,0,0,0,1,3,9,50,0,1207,69,0,0,0,0,0,0,0,0,0,0,0,2,0,0,0,0,0,2,2,0,0,2,0,2,0,0,FALSE,FALSE,TRUE,FALSE,FALSE,515,79,3790,3254,68929,48
org.apache.jena.reasoner.rulesys.test.TestBasicLP,MEDIUM,1110,0.3,7,0.8,6,25,0.3,8,195,7,4,3,0.25,2,2,0,5,0,1,1,3,2,0,1,26,15,1,0.2,0,0.75,0.6,4,4,12,0,87,17,0,0,0,0,2,0,0,0,2,0,0,5,0,0,0,0,0,5,0,0,0,0,5,3,0,0,FALSE,FALSE,TRUE,FALSE,FALSE,795,87,4165,3476,25691,108
org.apache.jena.reasoner.rulesys.test.TestBugs,MEDIUM,880,0.42,3,0.66,5,30,0.27,4,174,7,3,6,0.55,1,0,1,7,0,0,1,7,0,0,1,44,44,1,0,0,0,1,9,4,12,0,87,17,0,0,0,0,0,0,0,0,0,0,0,7,0,0,0,0,0,7,0,0,0,0,7,7,0,0,FALSE,FALSE,TRUE,FALSE,FALSE,795,87,4165,3476,25691,108
org.apache.jena.reasoner.rulesys.test.TestFBRules,MEDIUM,825,0.43,5,0.8,10,24,0.27,5,85,3,1,5,0.28,1,7,0,8,0,0,0,1,4,0,1,32,32,0,0.142857,0,0.857143,0.125,1,31,23,3,423,87,0,0,4,0,0,0,0,0,4,0,0,8,0,0,0,0,0,8,0,0,0,0,8,1,0,0,FALSE,FALSE,TRUE,FALSE,FALSE,795,87,4165,3476,25691,108
org.apache.jena.reasoner.transitiveReasoner.TransitiveGraphCache,MEDIUM,941,0.31,5,0.65,7,24,0.28,5,144,3,2,3,0.36,0,6,0,6,0,0,0,0,3,0,1,24,24,0,0.2,1,0.8,0,0,31,23,3,423,87,1,0,3,0,0,0,0,0,3,0,0,7,0,0,0,0,0,7,0,0,0,0,7,0,1,0,FALSE,FALSE,FALSE,FALSE,FALSE,795,87,4165,3476,25691,108
org.apache.jena.tdb.index.bplustree.BPTreeNode,MEDIUM,857,0.61,6,0.57,8,23,0.25,3,127,5,1,6,0.26,0,6,0,6,0,0,0,0,3,0,1,25,25,0,0.2,0,0.8,0,0,128,327,0,1934,410,1,0,3,0,0,0,0,0,3,0,0,7,0,0,0,0,0,7,0,0,0,0,7,0,1,0,FALSE,FALSE,FALSE,FALSE,FALSE,795,87,4165,3476,25691,108
org.apache.lucene.dependencies.GetMavenDependenciesTask,MEDIUM,803,0.29,4,0.57,5,25,0.26,8,175,5,1,7,0.46,0,6,0,7,0,0,0,1,3,0,1,29,29,0,0.2,0,0.833333,0.142857,1,128,327,0,1934,410,1,0,3,0,0,0,0,0,3,0,0,7,0,0,0,0,0,7,0,0,0,0,7,0,0,1,FALSE,FALSE,FALSE,FALSE,FALSE,795,87,4165,3476,25691,108
org.apache.lucene.search.suggest.analyzing.AnalyzingInfixSuggester,MEDIUM,993,0.34,3,0.81,11,23,0.3,8,132,5,4,5,0.51,0,6,0,6,0,0,0,0,3,0,1,24,24,0,0.2,0,0.8,0,0,11,16,0,210,49,0,0,3,0,0,0,0,0,3,0,0,7,0,0,0,0,0,7,0,0,0,0,7,0,1,0,FALSE,FALSE,FALSE,FALSE,FALSE,795,87,4165,3476,25691,108
org.apache.lucene.search.suggest.analyzing.AnalyzingInfixSuggesterTest,MEDIUM,995,0.22,4,0.71,9,16,0.29,5,200,4,4,5,0.4,0,6,0,6,0,0,0,0,3,0,1,23,23,0,0.2,0,0.8,0,0,11,16,0,210,49,0,0,3,0,0,0,0,0,3,0,0,6,0,0,0,0,0,6,0,0,0,0,6,0,0,0,FALSE,FALSE,TRUE,FALSE,FALSE,795,87,4165,3476,25691,108
org.apache.lucene.search.suggest.analyzing.AnalyzingSuggesterTest,MEDIUM,1120,0.42,7,0.57,8,17,0.25,5,115,4,4,7,0.34,0,8,0,8,0,0,0,0,4,0,1,31,31,0,0.142857,0,0.857143,0,0,11,16,0,210,49,0,0,4,0,0,0,0,0,4,0,0,8,0,0,0,0,0,8,0,0,0,0,8,0,0,0,FALSE,FALSE,TRUE,FALSE,FALSE,795,87,4165,3476,25691,108
org.apache.lucene.search.suggest.analyzing.FuzzySuggesterTest,MEDIUM,1048,0.5,5,0.74,11,27,0.28,10,204,3,1,3,0.23,1,0,0,1,0,0,0,1,0,0,1,3,3,0,1,?,0,?,1,133,235,0,2888,235,0,0,0,0,0,0,0,0,0,0,0,1,0,0,1,1,0,1,0,0,1,0,1,1,1,0,FALSE,FALSE,TRUE,FALSE,FALSE,525,67,4143,3956,75688,24
org.apache.lucene.search.suggest.jaspell.JaspellTernarySearchTrie,MEDIUM,1054,0.29,5,0.64,5,25,0.27,7,215,6,3,7,0.27,1,0,0,1,0,0,2,1,0,0,1,3,3,2,1,?,0,?,1,133,235,0,2888,235,0,0,0,0,0,0,0,0,0,0,0,1,0,0,1,1,0,1,0,0,1,0,1,1,1,0,FALSE,FALSE,FALSE,FALSE,FALSE,525,67,4143,3956,75688,24
org.apache.lucene.validation.LibVersionsCheckTask,MEDIUM,815,0.43,7,0.66,11,23,0.26,10,92,5,1,3,0.35,0,0,0,1,0,0,0,1,109,0,1,230,230,0,1,0,0,0,1,2,2,0,340,2,0,109,0,0,0,109,109,109,0,0,0,0,0,1,0,0,0,1,0,0,0,0,1,0,0,1,FALSE,FALSE,FALSE,FALSE,FALSE,525,67,4143,3956,75688,24
org.apache.pig.backend.hadoop.executionengine.mapReduceLayer.JobControlCompiler,NON-SEVERE,3500,0.09,13,0.86,11,66,0.29,12,159,4,3,14,0.67,0,4,1,10,0,1,4,6,5,541,7,149,91,7,0.190476,0,0.955556,0.5,6,33,165,1,3052,176,0,0,5,0,0,0,0,0,5,0,0,8,2,0,0,0,0,10,0,0,0,0,10,5,0,1,TRUE,TRUE,FALSE,FALSE,FALSE,100,5,703,613,14480,7
org.apache.pig.backend.hadoop.executionengine.mapReduceLayer.MRCompiler,NON-SEVERE,821,0.73,3,0.74,2,30,0.27,2,218,6,1,1,0.2,0,1,1,40,0,14,17,39,16,0,1,1243,1234,46,0.239683,0,0.959936,0.921053,132,22,154,1,4151,176,0,2,14,0,0,6,16,6,0,0,10,36,4,0,0,9,0,31,38,9,0,29,2,38,0,1,FALSE,TRUE,FALSE,FALSE,FALSE,100,5,703,613,14480,7
org.apache.pig.backend.hadoop.executionengine.mapReduceLayer.MultiQueryOptimizer,NON-SEVERE,883,0.7,4,0.75,1,28,0.28,6,187,4,4,0,0.1,1,8,0,11,0,0,0,3,4,0,1,83,43,0,0.142857,0,0.9,0.272727,3,15,154,2,4404,202,0,0,4,0,0,0,0,0,4,0,0,11,0,0,0,0,0,11,0,0,0,0,11,0,0,3,FALSE,TRUE,FALSE,FALSE,FALSE,100,5,703,613,14480,7
org.apache.pig.backend.hadoop.executionengine.physicalLayer.expressionOperators.POCast,MEDIUM,820,0.63,4,0.66,7,23,0.32,8,133,3,2,4,0.27,0,0,0,1,0,12,0,1,33,0,1,110,110,0,1,0,0,0,1,2,2,0,340,2,0,33,0,0,0,33,33,33,0,0,0,0,0,1,0,0,0,1,0,0,0,0,1,0,0,1,FALSE,TRUE,FALSE,FALSE,FALSE,525,67,4143,3956,75688,24
org.apache.pig.backend.hadoop.executionengine.physicalLayer.relationalOperators.POForEach,MEDIUM,1037,0.54,3,0.58,8,19,0.31,6,127,7,4,7,0.5,0,0,0,5,0,25,15,5,0,5,2,214,214,27,1,0,0,1,29,14,41,1,1004,41,0,0,0,0,0,0,0,0,0,0,0,2,3,0,0,0,0,5,0,0,0,0,5,4,0,1,FALSE,TRUE,FALSE,FALSE,FALSE,786,63,3884,3333,53617,40
org.apache.pig.backend.hadoop.executionengine.physicalLayer.relationalOperators.POLocalRearrange,MEDIUM,872,0.56,7,0.7,11,19,0.26,10,201,7,2,4,0.26,0,6,4,7,0,3,10,1,6,520,5,272,96,13,0.6,0,0.888889,0.2,1,22,214,6,2913,322,0,0,0,6,0,0,0,0,6,0,0,5,1,1,0,0,0,7,0,0,0,0,7,0,0,1,FALSE,TRUE,FALSE,FALSE,FALSE,786,63,3884,3333,53617,40
org.apache.pig.backend.hadoop.executionengine.tez.plan.TezCompiler,MEDIUM,924,0.21,7,0.66,11,28,0.31,10,58,5,3,7,0.39,0,4,0,5,0,0,0,1,7,0,1,34,14,0,0,0,1,0.125,1,2,3,1,44,7,0,3,0,0,4,0,3,0,4,0,3,5,0,0,0,0,0,5,0,0,0,0,5,0,0,1,FALSE,TRUE,FALSE,FALSE,FALSE,813,36,4551,3762,68127,28
org.apache.pig.backend.hadoop.executionengine.tez.TezDagBuilder,NON-SEVERE,2793,0.37,21,0.65,6,58,0.29,8,170,6,1,10,0.73,0,0,0,1,0,0,1,1,0,6,2,8,8,1,1,0,0,1,2,8,20,0,147,20,0,0,0,0,0,0,0,0,0,0,0,2,0,0,0,0,0,2,0,0,0,0,2,1,1,0,TRUE,TRUE,FALSE,FALSE,FALSE,204,11,1031,987,9065,28
org.apache.pig.backend.hadoop.hbase.HBaseStorage,NON-SEVERE,834,0.71,4,0.81,4,16,0.33,12,169,6,1,2,0.13,0,2,0,5,2,0,2,3,4,18,3,95,75,4,0.6,0,0.75,0.6,7,11,56,3,1645,81,0,0,4,0,0,0,0,0,4,0,0,5,0,0,0,0,0,5,0,0,0,0,5,3,0,0,FALSE,FALSE,FALSE,FALSE,FALSE,128,16,1064,796,20892,18
org.apache.pig.Main,NON-SEVERE,2566,0.34,16,0.59,5,61,0.26,12,151,6,1,14,0.72,0,15,1,29,6,6,9,14,15,14,3,573,477,23,0.108374,0,0.952381,0.4,56,11,56,3,1645,81,0,0,10,5,0,1,1,1,14,0,0,25,0,4,0,0,0,29,0,0,0,0,29,14,0,0,FALSE,FALSE,FALSE,FALSE,FALSE,128,16,1064,796,20892,18
org.apache.pig.piggybank.evaluation.TestOver,NON-SEVERE,847,0.75,4,0.59,4,20,0.29,10,82,4,4,0,0.12,0,6,0,8,0,7,3,2,5,0,1,100,64,9,0.380952,0,0.885714,0.25,7,11,56,3,1645,81,0,0,2,3,0,0,0,0,5,0,0,8,0,0,0,0,0,8,0,0,0,0,8,1,0,1,FALSE,FALSE,TRUE,FALSE,FALSE,128,16,1064,796,20892,18
org.apache.pig.piggybank.storage.avro.AvroStorage,NON-SEVERE,868,0.73,7,0.65,4,16,0.28,4,67,4,2,2,0.16,0,0,0,1,0,0,0,1,48,0,1,252,252,0,1,0,0,0,1,15,78,4,2309,96,0,48,0,0,0,48,48,48,0,0,0,0,1,0,0,0,0,1,0,0,0,0,1,0,0,1,FALSE,FALSE,FALSE,FALSE,FALSE,128,16,1064,796,20892,18
org.apache.pig.piggybank.storage.avro.AvroStorageUtils,NON-SEVERE,1625,0.14,20,0.56,5,34,0.27,2,213,3,1,12,0.83,0,0,0,1,0,0,0,1,14,0,1,83,83,0,1,0,0,0,1,12,58,0,3670,138,0,14,0,0,0,14,14,14,0,0,0,0,1,0,0,0,0,1,0,0,0,0,1,0,0,1,FALSE,FALSE,FALSE,TRUE,FALSE,128,16,1064,796,20892,18
org.apache.pig.piggybank.test.storage.avro.TestAvroStorage,NON-SEVERE,2150,0.32,14,0.76,11,31,0.34,4,84,7,2,11,0.79,0,0,3,11,2,8,15,11,5,50,3,323,323,29,0.222222,0,0.96,0.875,49,4,16,0,323,16,0,1,0,4,0,1,1,1,4,0,0,7,0,4,0,0,0,11,0,0,0,0,11,10,0,1,FALSE,FALSE,TRUE,FALSE,FALSE,118,11,1092,888,14175,16
org.apache.pig.PigServer,MEDIUM,1099,0.5,3,0.64,7,22,0.29,11,149,3,1,4,0.27,0,3,1,43,34,34,21,40,3,123,3,1400,1348,89,0.340244,0,0.944444,0.909091,249,14,161,1,3417,181,0,0,1,1,1,0,1,0,2,0,1,33,0,10,0,0,0,43,0,0,0,0,43,38,0,2,FALSE,FALSE,FALSE,FALSE,FALSE,813,36,4551,3762,68127,28
org.apache.pig.pigunit.Cluster,MEDIUM,843,0.48,3,0.88,7,21,0.28,8,195,3,4,4,0.26,0,6,0,6,0,0,0,0,3,0,1,31,1,0,0.2,0,0.8,0,0,497,1562,8,24196,1857,0,0,0,0,3,0,0,0,3,0,0,6,0,0,1,0,0,7,0,0,0,0,7,0,1,0,FALSE,TRUE,FALSE,FALSE,FALSE,813,36,4551,3762,68127,28
org.apache.pig.pigunit.MiniClusterRunner,MEDIUM,1077,0.65,7,0.59,8,23,0.34,7,191,6,3,3,0.49,0,5,0,7,1,0,0,2,5,14,3,63,20,0,0.3,0,1,0.285714,2,62,335,3,6239,404,0,0,0,0,5,0,0,0,5,0,0,7,0,0,0,0,0,7,0,0,0,0,7,0,0,2,FALSE,TRUE,FALSE,FALSE,FALSE,813,36,4551,3762,68127,28
org.apache.pig.pigunit.pig.GruntParser,MEDIUM,813,0.53,4,0.68,7,26,0.32,9,98,3,3,4,0.29,5,46,13,154,0,20,36,108,47,0,1,2792,2378,80,0.272109,4,0.984425,0.620438,414,89,749,6,16063,950,0,8,20,17,2,0,9,0,38,0,9,129,3,20,2,0,0,154,1,0,0,1,153,105,0,3,TRUE,FALSE,FALSE,FALSE,FALSE,813,36,4551,3762,68127,28
org.apache.pig.pigunit.pig.PigServer,MEDIUM,1021,0.51,4,0.55,10,24,0.25,9,87,4,2,3,0.43,3,18,3,55,0,19,21,37,25,0,1,1299,1179,51,0.439626,0,0.964444,0.627907,194,89,749,6,16063,950,0,0,23,0,2,0,0,0,25,0,0,43,5,0,7,0,0,55,0,0,0,0,55,36,0,1,FALSE,FALSE,FALSE,FALSE,FALSE,813,36,4551,3762,68127,28
org.apache.pig.pigunit.PigTest,MEDIUM,1040,0.5,5,0.66,10,24,0.3,12,202,3,3,4,0.31,1,4,0,7,1,0,0,3,3,0,1,79,45,0,0.238095,0,0.777778,0.428571,3,6,16,0,467,20,0,0,3,0,0,0,0,0,3,0,0,7,0,0,0,0,0,7,0,0,0,0,7,3,0,0,FALSE,FALSE,TRUE,FALSE,FALSE,764,30,4305,3256,120720,35
org.apache.pig.test.junit.OrderedJUnit4Runner,MEDIUM,1105,0.53,7,0.6,10,19,0.27,3,130,4,1,3,0.46,0,4,0,5,0,0,0,1,4,0,1,63,35,0,0,0,1,0.2,1,14,40,0,1875,65,1,0,4,0,0,0,0,0,4,0,0,5,0,0,0,0,0,5,0,0,0,0,5,0,0,1,FALSE,FALSE,TRUE,FALSE,FALSE,764,30,4305,3256,120720,35
org.apache.pig.test.pigmix.mapreduce.L1,MEDIUM,872,0.5,7,0.78,9,14,0.29,5,146,4,2,4,0.31,1,10,0,11,0,0,0,1,5,0,1,117,47,0,0.111111,0,0.9,0.090909,1,29,75,0,5472,224,1,0,5,0,0,0,0,0,5,0,0,11,0,0,0,0,0,11,0,0,0,0,11,0,0,1,FALSE,FALSE,TRUE,FALSE,FALSE,764,30,4305,3256,120720,35
org.apache.pig.test.pigmix.mapreduce.L10,MEDIUM,933,0.32,5,0.64,11,27,0.31,5,85,5,2,6,0.46,0,9,6,30,0,15,25,21,14,129,6,2396,2297,46,0.073892,22,0.972906,0.607143,87,29,163,2,7792,230,0,2,12,0,0,1,4,1,10,0,3,26,1,3,0,0,0,30,5,0,0,5,25,21,0,0,FALSE,FALSE,TRUE,FALSE,FALSE,764,30,4305,3256,120720,35
org.apache.pig.test.pigmix.mapreduce.L11,MEDIUM,857,0.28,4,0.86,8,24,0.27,9,186,3,1,7,0.44,0,6,0,7,0,0,0,1,6,0,1,101,53,0,0,0,1,0.142857,1,29,163,2,7792,230,1,0,6,0,0,0,0,0,6,0,0,7,0,0,0,0,0,7,0,0,0,0,7,0,0,1,FALSE,FALSE,TRUE,FALSE,FALSE,764,30,4305,3256,120720,35
org.apache.pig.test.pigmix.mapreduce.L12,MEDIUM,851,0.55,6,0.85,10,21,0.26,11,62,4,3,5,0.49,1,6,0,8,0,0,1,2,6,5,2,48,18,1,0.2,2,1,0.181818,2,52,239,3,7639,261,0,3,3,0,0,3,3,3,3,0,0,8,0,0,0,0,0,8,0,0,0,0,8,0,0,2,FALSE,FALSE,TRUE,FALSE,FALSE,764,30,4305,3256,120720,35
org.apache.pig.test.pigmix.mapreduce.L13,MEDIUM,824,0.59,7,0.72,7,26,0.26,4,124,3,2,6,0.3,0,0,0,7,0,17,2,7,1,0,1,1217,1217,14,0.3,0,0.833333,1,167,52,239,3,7639,261,0,0,1,0,0,1,1,1,0,0,0,5,2,0,0,0,0,7,7,0,0,7,0,7,0,0,FALSE,FALSE,TRUE,FALSE,FALSE,764,30,4305,3256,120720,35
org.apache.pig.test.pigmix.mapreduce.L14,MEDIUM,1069,0.54,7,0.64,8,21,0.32,3,57,3,4,6,0.42,1,10,0,12,0,0,0,2,5,0,1,125,55,0,0.111111,0,0.909091,0.166667,2,12,40,0,1908,62,1,0,5,0,0,0,0,0,5,0,0,12,0,0,0,0,0,12,0,0,0,0,12,0,0,2,FALSE,FALSE,TRUE,FALSE,FALSE,764,30,4305,3256,120720,35
org.apache.pig.test.pigmix.mapreduce.L15,MEDIUM,835,0.66,5,0.86,10,14,0.32,8,123,5,3,6,0.35,0,6,0,7,0,0,0,1,6,0,1,91,49,0,0,0,1,0.142857,1,12,40,0,1908,62,1,0,6,0,0,0,0,0,6,0,0,7,0,0,0,0,0,7,0,0,0,0,7,0,0,1,FALSE,FALSE,TRUE,FALSE,FALSE,764,30,4305,3256,120720,35
org.apache.pig.test.pigmix.mapreduce.L16,NON-SEVERE,829,0.75,7,0.68,0,18,0.26,12,125,7,2,0,0.19,1,0,0,1,0,0,0,1,0,0,1,9,9,0,1,?,0,?,2,4,16,0,323,16,0,0,0,0,0,0,0,0,0,0,0,1,0,0,1,0,0,2,0,0,0,0,2,1,1,0,FALSE,FALSE,TRUE,FALSE,FALSE,118,11,1092,888,14175,16
org.apache.pig.test.pigmix.mapreduce.L17,NON-SEVERE,851,0.4,4,0.85,6,15,0.28,6,163,3,4,4,0.36,1,10,0,12,0,1,2,2,5,0,1,97,42,2,0.163636,0,0.890909,0.166667,8,14,99,0,2120,114,0,0,0,0,5,0,0,0,5,0,0,12,0,0,0,0,0,12,1,0,0,1,11,1,0,1,FALSE,FALSE,TRUE,FALSE,FALSE,118,11,1092,888,14175,16
org.apache.pig.test.pigmix.mapreduce.L2,NON-SEVERE,805,0.72,5,0.88,2,15,0.29,2,108,3,2,1,0.14,1,14,0,69,0,14,20,55,23,0,1,2133,1949,95,0.473994,0,0.941816,0.738462,293,16,271,10,4932,336,0,3,18,2,0,3,3,3,20,0,0,62,1,6,0,0,0,69,1,0,0,1,68,54,0,1,FALSE,FALSE,TRUE,FALSE,FALSE,118,11,1092,888,14175,16
org.apache.pig.test.pigmix.mapreduce.L3,NON-SEVERE,1122,0.28,7,0.67,7,17,0.26,4,136,7,4,6,0.25,0,0,0,2,0,0,0,2,1,63,3,21,21,0,1,0,1,1,3,7,78,0,4403,88,0,0,1,0,0,0,0,0,1,0,0,1,0,1,0,0,0,2,0,0,0,0,2,1,0,1,FALSE,FALSE,TRUE,FALSE,FALSE,110,25,1199,951,31037,9
org.apache.pig.test.pigmix.mapreduce.L4,NON-SEVERE,877,0.6,7,0.76,10,27,0.32,6,130,4,3,5,0.41,5,6,0,30,0,11,23,24,8,0,1,1323,815,29,0.636842,0,0.896552,0.535714,202,7,78,0,4403,88,0,8,0,0,0,0,0,0,8,0,0,20,9,1,0,0,0,30,0,0,0,0,30,23,0,1,FALSE,FALSE,TRUE,FALSE,FALSE,110,25,1199,951,31037,9
org.apache.pig.test.pigmix.mapreduce.L5,NON-SEVERE,850,0.2,5,0.86,11,23,0.26,10,198,5,2,6,0.51,3,7,0,15,?,0,1,8,13,?,2,263,155,1,0.032967,3,1,?,8,9,74,4,2503,131,0,0,0,8,5,0,5,0,8,0,5,15,0,0,0,0,2,13,0,0,0,0,15,7,0,1,FALSE,FALSE,TRUE,FALSE,FALSE,110,25,1199,951,31037,9
org.apache.pig.test.pigmix.mapreduce.L6,NON-SEVERE,1038,0.52,5,0.85,10,17,0.32,11,77,6,3,5,0.44,0,16,0,17,0,0,0,1,8,0,1,97,1,0,0.066667,0,0.9375,0,1,5,49,1,1904,71,0,0,8,0,0,0,0,0,8,0,0,0,0,0,17,0,0,17,0,0,0,0,17,0,0,1,FALSE,FALSE,TRUE,FALSE,FALSE,110,25,1199,951,31037,9
org.apache.pig.test.pigmix.mapreduce.L7,NON-SEVERE,835,0.75,5,0.86,2,14,0.27,4,81,7,4,2,0.15,0,0,0,13,2,3,3,13,5,3,2,218,218,3,0.755556,0,0.683333,1,51,6,38,0,752,38,0,0,5,0,0,0,1,0,4,0,1,11,2,0,0,0,0,13,2,0,0,2,11,12,0,1,FALSE,FALSE,TRUE,FALSE,FALSE,132,23,1278,781,18243,16
org.apache.pig.test.pigmix.mapreduce.L8,NON-SEVERE,878,0.75,7,0.87,1,25,0.31,4,146,6,4,1,0.12,1,0,0,1,0,0,0,1,0,0,1,8,8,0,1,0,0,1,2,6,38,0,752,38,0,0,0,0,0,0,0,0,0,0,0,2,0,0,0,0,0,2,0,0,0,0,2,1,1,0,FALSE,FALSE,TRUE,FALSE,FALSE,132,23,1278,781,18243,16
org.apache.pig.test.pigmix.mapreduce.L9,NON-SEVERE,873,0.72,4,0.86,2,25,0.25,5,56,7,4,1,0.18,4,89,0,162,2,101,41,73,77,0,1,3129,2065,71,0.27739,0,0.984028,0.385714,344,9,190,13,4816,331,0,0,76,1,0,3,3,3,74,0,0,140,19,3,0,3,0,159,9,3,0,6,153,70,0,3,FALSE,FALSE,TRUE,FALSE,FALSE,132,23,1278,781,18243,16
org.apache.pig.test.pigmix.mapreduce.Library,NON-SEVERE,916,0.75,5,0.62,3,29,0.28,11,73,7,4,2,0.1,0,40,0,41,1,1,0,1,20,0,1,380,380,0,0.029268,0,0.9725,0.02439,2,9,190,13,4816,331,0,0,20,0,0,0,0,0,20,0,0,42,0,0,0,0,0,42,0,0,0,0,42,1,1,0,FALSE,FALSE,TRUE,FALSE,FALSE,132,23,1278,781,18243,16
org.apache.pig.test.pigmix.udf.PigPerformanceLoader,NON-SEVERE,889,0.7,3,0.88,2,30,0.28,6,117,4,4,0,0.16,1,6,0,6,0,0,0,0,3,0,1,61,61,0,0.333333,5,0.733333,0,0,28,62,0,3268,263,0,0,3,0,0,0,0,0,3,0,0,7,0,0,0,0,0,7,0,0,0,0,7,0,1,0,FALSE,FALSE,TRUE,FALSE,FALSE,132,23,1278,781,18243,16
org.apache.pig.test.pigunit.pig.TestGruntParser,NON-SEVERE,1088,0.35,7,0.85,11,15,0.27,3,58,6,2,5,0.27,1,6,0,6,0,0,0,0,3,0,1,26,26,0,0.2,0,0.8,0,0,7,35,1,1379,52,0,0,3,0,0,0,0,0,3,0,0,6,0,0,0,0,0,6,0,0,0,0,6,0,0,0,TRUE,FALSE,TRUE,FALSE,FALSE,132,23,1278,781,18243,16
org.apache.pig.test.pigunit.TestPigTest,NON-SEVERE,858,0.74,7,0.78,1,28,0.26,9,77,6,3,1,0.15,0,0,5,16,0,0,14,16,1,0,1,561,561,23,0.622222,0,0.866667,1,56,6,25,1,613,28,0,0,1,0,0,1,1,1,0,0,0,10,6,0,0,0,0,16,15,0,0,15,1,15,0,1,FALSE,FALSE,TRUE,FALSE,FALSE,121,31,1271,982,18172,10
org.apache.pig.test.TestBuiltin,NON-SEVERE,907,0.7,6,0.88,0,28,0.27,10,57,5,1,1,0.1,1,7,0,10,0,0,1,3,4,0,1,90,21,2,0.133333,0,0.861111,0.3,3,17,102,6,2286,128,0,0,4,0,0,0,0,0,4,0,0,10,0,0,1,0,0,11,0,0,0,0,11,3,1,0,TRUE,FALSE,TRUE,FALSE,FALSE,121,31,1271,982,18172,10
org.apache.pig.test.TestDataBag,NON-SEVERE,913,0.73,4,0.64,2,27,0.3,3,194,4,1,1,0.1,1,0,2,31,0,6,23,31,9,0,1,1142,1142,47,0.405797,0,0.811111,1,138,38,247,0,5146,397,0,0,8,0,1,7,3,3,2,4,0,24,6,0,1,0,0,31,0,0,0,0,31,30,0,1,FALSE,FALSE,TRUE,FALSE,FALSE,121,31,1271,982,18172,10
org.apache.pig.test.TestEvalPipeline,NON-SEVERE,904,0.73,7,0.65,0,20,0.28,2,204,6,4,0,0.12,0,6,0,7,0,1,1,1,3,17,2,33,3,1,0.2,0,0.833333,0,1,38,247,0,5146,397,0,0,3,0,0,0,0,0,3,0,0,0,0,0,7,0,0,7,0,0,0,0,7,0,0,1,FALSE,FALSE,TRUE,FALSE,FALSE,121,31,1271,982,18172,10
org.apache.pig.test.TestEvalPipeline2,NON-SEVERE,800,0.72,3,0.86,1,17,0.27,7,166,3,4,1,0.17,0,7,0,8,0,0,0,1,4,0,1,38,3,0,0.142857,0,0.892857,0,1,38,247,0,5146,397,0,0,4,0,0,0,0,0,4,0,0,0,0,0,8,0,0,8,0,0,0,0,8,0,0,1,FALSE,FALSE,TRUE,FALSE,FALSE,121,31,1271,982,18172,10
org.apache.pig.test.TestEvalPipelineLocal,NON-SEVERE,827,0.74,5,0.68,0,27,0.33,4,158,4,1,1,0.13,0,11,0,12,0,1,0,1,6,0,1,56,1,0,0.090909,0,0.924242,0,1,38,247,0,5146,397,0,0,6,0,0,0,0,0,6,0,0,0,0,0,12,0,0,12,0,0,0,0,12,0,0,1,FALSE,FALSE,TRUE,FALSE,FALSE,121,31,1271,982,18172,10
org.apache.pig.test.TestGrunt,NON-SEVERE,885,0.73,4,0.64,4,14,0.26,8,158,7,2,1,0.2,0,13,0,14,0,2,0,1,7,0,1,65,0,0,0.076923,0,0.934066,0,1,38,247,0,5146,397,0,0,7,0,0,0,0,0,7,0,0,0,0,0,14,0,0,14,0,0,0,0,14,0,0,1,FALSE,FALSE,TRUE,FALSE,FALSE,121,31,1271,982,18172,10
org.apache.pig.test.TestHBaseStorage,NON-SEVERE,849,0.69,6,0.61,1,18,0.29,5,209,4,3,0,0.18,0,9,0,10,0,0,0,1,5,0,1,47,2,0,0.111111,0,0.911111,0,1,38,247,0,5146,397,0,0,5,0,0,0,0,0,5,0,0,0,0,0,10,0,0,10,0,0,0,0,10,0,0,1,FALSE,FALSE,TRUE,FALSE,FALSE,121,31,1271,982,18172,10
org.apache.pig.test.TestLogicalPlanBuilder,NON-SEVERE,817,0.72,6,0.66,4,29,0.31,3,70,3,4,0,0.2,0,0,1,6,1,0,1,6,1,45,4,59,59,1,0,0,1,1,11,2,7,0,59,7,0,0,1,0,0,1,0,0,0,1,0,4,1,1,0,0,0,6,0,0,0,0,6,5,0,1,TRUE,FALSE,TRUE,FALSE,FALSE,208,29,1302,1252,12103,15
org.apache.pig.test.TestMacroExpansion,NON-SEVERE,920,0.7,3,0.8,0,27,0.27,11,178,4,1,1,0.15,1,0,0,1,0,0,0,1,0,0,1,5,5,0,1,?,0,?,1,2,7,0,59,7,0,0,0,0,0,0,0,0,0,0,0,1,0,0,1,0,0,2,0,0,0,0,2,1,1,0,FALSE,FALSE,TRUE,FALSE,FALSE,208,29,1302,1252,12103,15
org.apache.pig.test.TestMergeJoin,NON-SEVERE,895,0.73,7,0.74,1,19,0.34,12,179,6,1,1,0.13,0,2,0,17,2,51,7,15,22,0,1,695,616,18,0.722222,0,0.825893,0.75,165,4,37,0,1180,39,0,3,10,0,9,3,3,3,19,0,0,9,7,0,1,0,0,17,1,0,0,1,16,14,0,1,FALSE,FALSE,TRUE,FALSE,FALSE,131,16,1404,1137,25747,12
org.apache.pig.test.TestMRCompiler,NON-SEVERE,893,0.74,4,0.86,2,28,0.34,12,210,3,3,0,0.16,0,0,0,8,1,13,4,8,5,0,1,125,125,8,0.5,0,0.892857,1,31,4,37,0,1180,39,0,0,0,0,5,3,0,0,2,3,0,5,3,0,0,0,0,8,0,0,0,0,8,6,0,2,FALSE,FALSE,TRUE,FALSE,FALSE,131,16,1404,1137,25747,12
org.apache.pig.test.TestMultiQueryCompiler,NON-SEVERE,825,0.72,4,0.78,2,31,0.25,10,72,7,2,1,0.2,1,2,0,65,1,65,24,63,155,0,1,2137,2127,50,0.335994,0,0.945437,0.26,462,1,63,0,2137,65,0,146,9,0,0,15,25,15,130,0,10,54,11,0,0,0,0,65,8,0,0,8,57,62,0,1,FALSE,FALSE,TRUE,FALSE,FALSE,131,16,1404,1137,25747,12
org.apache.pig.test.TestNewPlanLogToPhyTranslationVisitor,NON-SEVERE,824,0.74,7,0.68,3,17,0.32,8,188,6,4,2,0.19,0,2,0,35,0,122,19,33,3,4,2,1690,1677,49,0,0,1,0.666667,302,10,75,1,2600,86,0,0,3,0,0,3,2,2,0,1,0,6,29,0,0,0,0,35,1,0,0,1,34,32,0,1,FALSE,FALSE,TRUE,FALSE,FALSE,131,16,1404,1137,25747,12
org.apache.pig.test.TestNewPlanOperatorPlan,NON-SEVERE,802,0.72,4,0.83,1,31,0.28,9,151,5,4,0,0.15,0,0,0,16,0,127,18,16,15,0,1,590,590,26,1,0,1,1,95,3,30,0,1322,30,0,0,14,0,1,12,14,12,1,0,2,4,12,0,0,0,0,16,1,0,0,1,15,14,0,2,FALSE,FALSE,TRUE,FALSE,FALSE,255,7,1450,1087,24112,15
org.apache.pig.test.TestNewPlanPushDownForeachFlatten,NON-SEVERE,876,0.73,3,0.67,4,18,0.25,3,80,5,1,0,0.2,0,0,0,13,0,71,14,13,31,0,1,531,531,55,1,0,0.997312,0.2,51,3,30,0,1322,30,0,24,6,0,1,24,26,24,5,0,2,6,7,0,0,0,0,13,2,0,0,2,11,11,0,2,FALSE,FALSE,TRUE,FALSE,FALSE,255,7,1450,1087,24112,15
org.apache.pig.test.TestNewPlanPushUpFilter,NON-SEVERE,899,0.72,3,0.85,0,31,0.3,3,39,6,3,1,0.16,0,7,2,14,0,0,3,7,7,536,6,250,190,3,0.533333,0,0.868132,0.363636,9,80,263,0,5748,334,0,0,7,0,0,0,0,0,7,0,0,11,3,0,0,0,0,14,0,0,0,0,14,6,0,1,FALSE,FALSE,TRUE,FALSE,FALSE,255,7,1450,1087,24112,15
org.apache.pig.test.TestParamSubPreproc,NON-SEVERE,904,0.74,5,0.79,0,20,0.26,3,104,5,4,2,0.16,0,5,35,68,0,36,62,63,109,531,6,1867,1826,103,0.219373,0,0.992743,0.348485,179,80,263,0,5748,334,0,38,70,0,1,42,48,42,61,0,6,28,40,0,0,0,0,68,22,0,0,22,46,62,0,1,TRUE,FALSE,TRUE,FALSE,FALSE,255,7,1450,1087,24112,15
org.apache.pig.test.TestPigRunner,NON-SEVERE,826,0.72,6,0.87,1,29,0.32,9,206,3,3,2,0.11,1,13,12,59,1,6,19,46,32,50,2,1097,957,32,0.120108,0,0.970905,0.652174,179,83,341,1,6130,466,0,5,27,0,0,2,2,2,30,0,0,41,18,0,0,0,0,59,0,0,0,0,59,44,0,2,FALSE,FALSE,TRUE,FALSE,FALSE,255,7,1450,1087,24112,15
org.apache.pig.test.TestPigServer,NON-SEVERE,800,0.74,4,0.59,2,26,0.27,6,44,3,4,0,0.13,1,0,0,2,0,0,1,2,0,0,1,12,12,1,0,0,0,1,2,4,12,0,148,12,0,0,0,0,0,0,0,0,0,0,0,3,0,0,0,0,0,3,0,0,0,0,3,2,1,0,FALSE,FALSE,TRUE,FALSE,FALSE,191,19,1447,1361,24319,21
org.apache.pig.test.TestPOCast,NON-SEVERE,811,0.72,3,0.75,4,24,0.31,11,130,4,3,1,0.16,1,0,0,4,0,0,2,4,4,0,1,29,29,2,1,0,0,1,4,4,12,0,148,12,0,0,4,0,0,0,0,0,4,0,0,3,1,0,0,0,0,4,0,0,0,0,4,3,0,1,FALSE,FALSE,TRUE,FALSE,FALSE,191,19,1447,1361,24319,21
org.apache.pig.test.TestProjectRange,NON-SEVERE,846,0.75,7,0.76,2,18,0.29,4,169,4,1,1,0.12,0,5,0,9,0,1,3,4,4,0,1,94,38,4,0.642857,0,0.71875,0.375,4,24,253,17,3812,307,0,0,3,0,1,0,0,0,4,0,0,8,0,0,1,1,0,8,0,0,1,0,8,3,0,1,FALSE,FALSE,TRUE,FALSE,FALSE,191,19,1447,1361,24319,21
org.apache.pig.test.TestPruneColumn,NON-SEVERE,869,0.75,7,0.58,1,28,0.34,4,147,6,4,0,0.18,0,0,0,12,0,5,9,12,2,0,1,290,290,20,0.890909,0,0.863636,1,21,12,112,0,2820,121,0,0,1,1,0,1,1,1,1,0,0,11,0,1,0,0,0,12,0,0,0,0,12,11,0,1,FALSE,FALSE,TRUE,FALSE,FALSE,208,14,1593,1411,26472,30
org.apache.pig.test.TestSchema,NON-SEVERE,870,0.72,7,0.7,1,27,0.31,8,196,5,4,2,0.14,0,1,0,2,0,1,5,1,1,0,1,47,30,7,1,0,1,0.5,2,12,112,0,2820,121,0,0,1,0,0,0,1,0,0,0,1,3,0,0,0,0,0,3,0,0,0,0,3,1,1,0,FALSE,FALSE,TRUE,FALSE,FALSE,208,14,1593,1411,26472,30
org.apache.pig.test.TestStore,NON-SEVERE,812,0.69,3,0.58,4,26,0.26,8,209,6,2,1,0.15,0,5,0,9,1,0,0,4,6,0,1,117,67,0,0.142857,0,0.9375,0.333333,5,12,112,0,2820,121,1,3,3,0,0,0,0,0,6,0,0,9,0,0,0,0,0,9,0,0,0,0,9,2,0,2,FALSE,FALSE,TRUE,FALSE,FALSE,208,14,1593,1411,26472,30
org.apache.pig.test.TestTypeCheckingValidatorNewLP,NON-SEVERE,869,0.69,3,0.55,4,27,0.31,11,95,4,1,1,0.11,0,8,1,73,17,24,13,65,16,31,3,1812,1706,67,0.471441,0,0.894965,0.875,221,26,281,1,5940,330,0,1,15,0,0,2,2,2,14,0,0,71,1,0,1,0,0,73,0,0,0,0,73,62,0,3,FALSE,FALSE,TRUE,FALSE,FALSE,208,14,1593,1411,26472,30
org.apache.pig.test.udf.streaming.DumpStreamerBad,MEDIUM,1041,0.43,7,0.7,7,23,0.27,2,136,3,3,3,0.29,0,0,1,9,0,28,13,9,7,8,2,2412,2412,61,0.333333,0,0.928571,1,217,10,52,0,3195,67,0,0,7,0,0,0,1,0,6,0,1,3,4,1,1,0,0,9,0,0,0,0,9,8,0,1,FALSE,FALSE,TRUE,FALSE,FALSE,764,30,4305,3256,120720,35
org.apache.pig.test.udf.streaming.StreamingDump,SEVERE,1785,0.24,7,0.77,9,46,0.25,8,139,3,3,8,0.72,1,0,0,1,0,1,0,1,0,0,1,10,10,0,1,?,0,?,2,14,26,0,817,116,0,0,0,0,0,0,0,0,0,0,0,1,0,0,1,0,0,2,0,0,0,0,2,1,1,0,FALSE,FALSE,TRUE,FALSE,FALSE,153,16,689,510,8378,3
org.apache.pig.test.Util,NON-SEVERE,828,0.74,6,0.78,1,30,0.31,5,52,4,1,0,0.14,0,0,0,1,0,0,0,1,6,0,1,24,24,0,1,0,0,0.142857,1,5,27,1,796,30,0,6,0,0,0,3,3,3,3,0,0,1,0,0,0,0,0,1,0,0,0,0,1,0,0,1,FALSE,FALSE,TRUE,TRUE,FALSE,208,14,1593,1411,26472,30
org.apache.pig.test.utils.AccumulativeSumBag,SEVERE,3596,0.1,21,0.63,5,32,0.31,6,204,6,4,10,0.72,0,3,0,4,0,0,0,1,2,0,1,25,7,0,0.333333,0,0.666667,0.25,1,14,26,0,817,116,0,0,2,0,0,0,0,0,2,0,0,5,0,0,0,0,0,5,0,0,0,0,5,1,1,0,FALSE,FALSE,TRUE,TRUE,FALSE,153,16,689,510,8378,3
org.apache.pig.test.utils.AccumulatorBagCount,SEVERE,2645,0.26,11,0.62,11,64,0.26,9,192,4,1,13,0.73,0,8,0,8,0,0,0,0,4,0,1,47,47,0,0.142857,0,0.857143,0,0,14,26,0,817,116,0,0,4,0,0,0,0,0,4,0,0,9,0,0,0,0,0,9,0,0,0,0,9,0,1,0,FALSE,FALSE,TRUE,TRUE,FALSE,153,16,689,510,8378,3
org.apache.pig.test.utils.BagCount,SEVERE,920,0.58,7,0.57,9,28,0.29,10,119,6,2,3,0.35,0,6,0,8,0,0,0,2,4,0,1,47,11,0,0.142857,0,0.857143,0.25,2,14,26,0,817,116,0,0,4,0,0,0,0,0,4,0,0,9,0,0,0,0,0,9,0,0,0,0,9,2,1,0,FALSE,FALSE,TRUE,TRUE,FALSE,153,16,689,510,8378,3
org.apache.pig.test.utils.dotGraph.DotEdge,NON-SEVERE,828,0.72,7,0.72,3,14,0.33,6,152,7,3,1,0.14,0,2,0,9,1,3,3,7,3,0,1,131,93,6,0,0,1,0.75,8,5,34,1,707,39,0,0,3,0,0,0,0,0,3,0,0,8,1,0,0,0,0,9,0,0,0,0,9,4,0,3,FALSE,FALSE,TRUE,TRUE,FALSE,299,33,1475,1431,28493,19
org.apache.pig.test.utils.dotGraph.DotGraph,NON-SEVERE,801,0.75,4,0.57,4,16,0.28,11,118,4,3,0,0.14,2,0,0,14,0,0,0,14,6,0,1,255,255,0,0.464286,0,0.846154,1,30,5,34,1,707,39,0,0,6,0,0,0,0,0,6,0,0,10,4,0,0,0,0,14,0,0,0,0,14,12,0,2,FALSE,FALSE,TRUE,TRUE,FALSE,299,33,1475,1431,28493,19
org.apache.pig.test.utils.dotGraph.DotGraphReader,NON-SEVERE,888,0.7,5,0.55,0,30,0.25,12,64,6,1,2,0.12,1,0,0,8,1,0,2,8,1,0,1,88,88,8,1,0,0.142857,1,10,16,130,3,1578,136,0,0,1,0,0,0,0,0,1,0,0,7,0,0,1,0,0,8,0,0,0,0,8,7,0,1,FALSE,FALSE,TRUE,TRUE,FALSE,262,57,1805,1524,34404,26
org.apache.pig.test.utils.dotGraph.DotNode,NON-SEVERE,880,0.73,5,0.83,2,20,0.3,3,114,7,3,1,0.2,2,0,0,8,?,2,13,8,10,?,1,155,155,14,0.047619,9,1,?,17,16,130,3,1578,136,0,9,0,1,0,8,8,8,2,0,0,7,0,1,0,0,3,5,1,0,0,1,7,7,0,1,FALSE,FALSE,TRUE,TRUE,FALSE,262,57,1805,1524,34404,26
org.apache.pig.test.utils.dotGraph.ExactKeyMatcher,MEDIUM,1099,0.4,4,0.64,8,29,0.25,12,40,7,1,6,0.43,1,6,0,8,0,0,0,2,3,0,1,81,39,0,0.2,0,0.857143,0.25,2,20,63,0,2505,75,1,0,3,0,0,0,0,0,3,0,0,8,0,0,0,0,0,8,0,0,0,0,8,0,0,2,FALSE,FALSE,TRUE,TRUE,FALSE,764,30,4305,3256,120720,35
org.apache.pig.test.utils.dotGraph.IncreasingKeyMatcher,MEDIUM,851,0.6,7,0.71,7,29,0.25,2,186,7,4,5,0.33,0,23,7,93,0,27,35,70,33,0,1,1494,1324,71,0.347339,0,0.961792,0.744186,254,17,203,2,4016,326,0,0,33,0,0,0,8,0,25,0,8,86,7,0,0,0,0,93,6,0,0,6,87,69,0,1,FALSE,FALSE,TRUE,TRUE,FALSE,764,30,4305,3256,120720,35
org.apache.pig.test.utils.dotGraph.NodeMatcher,MEDIUM,1010,0.36,5,0.77,5,19,0.32,2,37,4,4,7,0.31,0,0,11,7,1,34,9,7,9,158,7,5126,5126,23,0,0,1,0.8,181,33,103,0,6189,111,0,1,8,0,0,1,2,1,7,0,1,4,3,0,0,0,0,7,4,0,0,4,3,7,0,0,FALSE,FALSE,TRUE,TRUE,FALSE,764,30,4305,3256,120720,35
org.apache.pig.test.utils.dotGraph.OperatorPlanLoader,MEDIUM,976,0.5,3,0.63,7,30,0.25,8,95,7,2,6,0.29,0,0,11,8,1,34,11,8,9,158,7,5349,5349,25,0,0,1,0.8,185,41,113,0,6405,121,0,1,8,0,0,1,2,1,7,0,1,4,4,0,0,0,0,8,5,0,0,5,3,8,0,0,FALSE,FALSE,TRUE,TRUE,FALSE,764,30,4305,3256,120720,35
org.apache.pig.test.utils.FILTERFROMFILE,SEVERE,861,0.59,5,0.72,7,15,0.34,7,129,6,4,7,0.54,0,16,0,16,0,0,0,0,8,0,1,91,91,0,0.066667,0,0.933333,0,0,14,26,0,817,116,0,0,8,0,0,0,0,0,8,0,0,17,0,0,0,0,0,17,0,0,0,0,17,0,1,0,FALSE,FALSE,TRUE,TRUE,FALSE,153,16,689,510,8378,3
org.apache.pig.test.utils.GenRandomData,SEVERE,970,0.36,7,0.77,10,16,0.25,7,106,5,1,7,0.35,0,0,0,5,0,0,2,5,0,45,6,29,29,2,0,0,0,1,5,26,159,0,2303,198,0,0,0,0,0,0,0,0,0,0,0,2,0,3,0,0,0,5,0,0,0,0,5,4,0,1,FALSE,FALSE,TRUE,TRUE,FALSE,65,4,780,673,16524,3
org.apache.pig.test.utils.HelperEvalFuncUtils,SEVERE,987,0.4,3,0.68,10,22,0.28,8,144,5,4,7,0.39,1,1,0,7,1,2,2,6,1,44,6,48,38,4,1,0,0.166667,0.75,6,26,159,0,2303,198,0,0,1,0,0,0,0,0,1,0,0,4,0,3,0,0,0,7,0,0,0,0,7,5,0,1,FALSE,FALSE,TRUE,TRUE,FALSE,65,4,780,673,16524,3
org.apache.pig.test.utils.Identity,MEDIUM,917,0.31,3,0.75,8,30,0.32,4,72,3,1,3,0.34,1,0,0,2,0,3,2,2,0,0,1,14,14,2,0,0,0,1,2,3,40,3,608,50,0,0,0,0,0,0,0,0,0,0,0,2,0,0,0,0,0,2,0,0,0,0,2,2,0,0,FALSE,FALSE,TRUE,TRUE,FALSE,606,65,5527,2783,69698,85
org.apache.pig.test.utils.LocalSeekableInputStream,MEDIUM,979,0.64,4,0.63,10,28,0.31,3,211,7,2,7,0.4,0,6,0,10,0,2,4,4,4,4,2,78,33,4,0.166667,0,0.861111,0.4,4,2,8,0,145,14,0,0,4,0,0,0,0,0,4,0,0,10,0,0,0,0,0,10,0,0,0,0,10,3,0,1,FALSE,FALSE,TRUE,TRUE,FALSE,606,65,5527,2783,69698,85
org.apache.pig.test.utils.MultiLevelDerivedUDF3,MEDIUM,890,0.23,3,0.63,8,19,0.33,6,104,4,3,3,0.52,0,22,0,23,0,0,0,1,13,0,1,292,69,0,0.044118,0,0.968531,0,1,2,5,0,475,43,0,2,11,0,0,2,2,2,11,0,0,17,5,1,0,0,0,23,0,0,0,0,23,0,0,1,FALSE,FALSE,TRUE,TRUE,FALSE,606,65,5527,2783,69698,85
org.apache.pig.test.utils.MyAbstractEvalFunc1,MEDIUM,999,0.54,4,0.8,9,28,0.27,4,172,7,2,7,0.48,0,22,0,22,0,0,0,0,12,0,1,224,8,0,0.047619,0,0.960317,0,0,1,0,0,224,22,0,1,11,0,0,1,1,1,11,0,0,23,0,0,0,0,0,23,0,0,0,0,23,0,1,0,FALSE,FALSE,TRUE,TRUE,FALSE,606,65,5527,2783,69698,85
org.apache.pig.test.utils.MyAbstractEvalFunc2,MEDIUM,862,0.55,6,0.84,6,25,0.26,8,55,5,1,4,0.24,0,10,0,10,0,0,0,0,8,0,1,89,9,0,0.111111,0,0.972222,0,0,9,10,0,1119,136,0,3,5,0,0,3,3,3,5,0,0,11,0,0,0,0,0,11,0,0,0,0,11,0,1,0,FALSE,FALSE,TRUE,TRUE,FALSE,606,65,5527,2783,69698,85
org.apache.pig.test.utils.MyUDFReturnMap,MEDIUM,916,0.55,6,0.63,11,22,0.27,6,84,4,4,3,0.35,0,14,0,15,0,0,0,1,11,0,1,115,3,0,0.076923,0,0.980519,0.052632,1,9,10,0,1119,136,0,4,7,0,0,4,4,4,7,0,0,15,0,0,0,0,0,15,0,0,0,0,15,0,0,1,FALSE,FALSE,TRUE,TRUE,FALSE,606,65,5527,2783,69698,85
org.apache.pig.test.utils.MyUDFWithoutParameter,MEDIUM,1112,0.24,4,0.74,8,18,0.33,11,80,5,4,4,0.23,0,8,0,8,0,0,0,0,6,0,1,70,6,0,0.142857,0,0.952381,0,0,9,10,0,1119,136,0,2,4,0,0,2,2,2,4,0,0,9,0,0,0,0,0,9,0,0,0,0,9,0,1,0,FALSE,FALSE,TRUE,TRUE,FALSE,606,65,5527,2783,69698,85
org.apache.pig.test.utils.NewLogicalPlanUtil,MEDIUM,810,0.58,5,0.58,5,16,0.26,4,175,5,2,5,0.33,1,17,1,75,0,110,38,58,15,0,1,1890,1767,103,0.402899,0,0.926126,0.757143,285,6,126,2,2701,156,0,0,15,0,0,0,1,0,14,0,1,70,5,0,0,0,0,75,1,0,0,1,74,58,0,0,FALSE,FALSE,TRUE,TRUE,FALSE,606,65,5527,2783,69698,85
org.apache.pig.test.utils.planComparer.PlanStructuralComparer,MEDIUM,927,0.66,3,0.59,5,27,0.33,10,207,7,1,5,0.48,1,18,0,82,0,90,39,64,19,0,1,1817,1678,96,0.41396,0,0.905783,0.735294,283,3,126,4,2443,144,0,0,19,0,0,0,0,0,19,0,0,68,13,1,0,0,0,82,0,0,0,0,82,63,0,1,FALSE,FALSE,TRUE,TRUE,FALSE,606,65,5527,2783,69698,85
org.apache.pig.test.utils.POCastDummy,MEDIUM,932,0.56,4,0.73,9,22,0.26,4,214,3,4,4,0.25,2,0,1,38,2,19,22,38,22,114,2,1241,1241,55,0.458498,0,0.922604,0.892857,121,13,166,0,5176,173,0,3,19,0,0,13,6,6,9,7,0,25,13,0,0,0,0,38,0,0,0,0,38,34,0,4,FALSE,FALSE,TRUE,TRUE,FALSE,604,41,5154,4917,82661,33
org.apache.pig.test.utils.ReportingUDF,MEDIUM,1061,0.49,5,0.66,6,16,0.34,6,127,3,2,6,0.37,1,0,4,43,2,36,23,43,17,114,2,1958,1958,53,0.333333,0,0.94958,1,251,13,166,0,5176,173,0,0,17,0,0,12,2,2,5,10,0,5,38,0,0,0,0,43,0,0,0,0,43,41,0,2,FALSE,FALSE,TRUE,TRUE,FALSE,604,41,5154,4917,82661,33
org.apache.pig.test.utils.ScriptSchemaTestLoader,MEDIUM,934,0.58,4,0.69,11,31,0.34,6,141,6,2,4,0.44,0,0,0,36,0,0,1,36,2,0,1,818,818,2,0.001783,0,0.985714,0.971429,118,6,64,0,1401,74,0,1,1,0,0,1,2,1,0,0,1,34,2,0,0,2,0,34,36,2,0,34,0,36,0,0,FALSE,FALSE,TRUE,TRUE,FALSE,567,75,5715,3996,78591,80
org.apache.pig.test.utils.SimpleCustomPartitioner,MEDIUM,989,0.37,6,0.65,10,19,0.32,7,161,3,1,7,0.39,0,8,0,9,0,0,1,1,8,0,1,34,10,2,0,0,1,0.111111,3,6,64,0,1401,74,0,0,8,0,0,0,0,0,8,0,0,9,0,0,0,0,0,9,0,0,0,0,9,0,0,1,FALSE,FALSE,TRUE,TRUE,FALSE,567,75,5715,3996,78591,80
org.apache.pig.test.utils.SimpleCustomPartitioner2,SEVERE,2465,0.37,7,0.82,11,34,0.28,7,150,3,1,10,0.55,0,0,0,6,1,3,2,6,0,44,6,39,39,2,0,0,0,1,8,26,159,0,2303,198,0,0,0,0,0,0,0,0,0,0,0,3,0,3,0,0,0,6,0,0,0,0,6,5,0,1,FALSE,FALSE,TRUE,TRUE,FALSE,65,4,780,673,16524,3
org.apache.pig.test.utils.SimpleCustomPartitioner3,MEDIUM,882,0.54,7,0.69,9,25,0.29,2,173,5,1,7,0.39,2,12,0,13,0,0,0,1,6,0,1,67,7,0,0.090909,0,0.916667,0.076923,1,31,350,5,6541,696,0,0,6,0,0,0,0,0,6,0,0,13,0,0,0,0,0,13,0,0,0,0,13,0,0,1,FALSE,FALSE,TRUE,TRUE,FALSE,567,75,5715,3996,78591,80
org.apache.pig.test.utils.TestHelper,MEDIUM,1073,0.33,7,0.74,11,14,0.3,12,214,3,4,6,0.31,0,10,0,11,0,0,0,1,5,0,1,52,2,0,0.111111,0,0.9,0.090909,1,4,32,2,427,42,0,0,5,0,0,0,0,0,5,0,0,11,0,0,0,0,0,11,0,0,0,0,11,0,0,1,FALSE,FALSE,TRUE,TRUE,FALSE,567,75,5715,3996,78591,80
org.apache.pig.test.utils.TypeCheckingTestUtil,MEDIUM,1109,0.24,4,0.81,6,23,0.25,8,151,6,4,5,0.38,0,14,0,14,0,0,0,0,7,0,1,68,68,0,0.076923,0,0.923077,0,0,9,47,0,1185,109,0,0,7,0,0,0,0,0,7,0,0,15,0,0,0,0,0,15,0,0,0,0,15,0,1,0,FALSE,FALSE,TRUE,TRUE,FALSE,567,75,5715,3996,78591,80
org.apache.pig.test.utils.UDFContextTestEvalFunc,MEDIUM,920,0.43,7,0.84,8,14,0.3,8,51,5,2,6,0.51,0,14,0,14,0,0,0,0,7,0,1,68,68,0,0.076923,0,0.923077,0,0,7,14,0,516,56,0,0,7,0,0,0,0,0,7,0,0,15,0,0,0,0,0,15,0,0,0,0,15,0,1,0,FALSE,FALSE,TRUE,TRUE,FALSE,567,75,5715,3996,78591,80
org.apache.pig.test.utils.UDFContextTestEvalFunc2,MEDIUM,976,0.41,4,0.55,9,19,0.28,12,153,6,4,3,0.4,0,0,0,9,0,36,23,9,4,0,1,429,429,57,0.642857,0,0.78125,1,50,21,165,0,9721,166,0,0,4,0,0,1,3,1,1,0,2,8,0,0,1,0,0,9,0,0,0,0,9,8,0,1,FALSE,FALSE,TRUE,TRUE,FALSE,338,90,5983,4284,92696,29
org.apache.pig.test.utils.UDFContextTestEvalFunc3,MEDIUM,1041,0.37,7,0.77,10,20,0.29,7,212,6,1,6,0.4,1,1,0,3,0,8,21,2,18,0,1,413,407,137,1,0,0.972222,0.666667,135,21,165,0,9721,166,0,0,13,5,0,2,2,1,15,1,1,3,0,0,0,0,0,3,0,0,0,0,3,1,0,1,FALSE,FALSE,TRUE,TRUE,FALSE,338,90,5983,4284,92696,29
org.apache.pig.test.utils.UDFContextTestLoader,MEDIUM,987,0.23,7,0.68,6,31,0.31,11,147,4,3,4,0.54,0,4,0,4,0,0,0,0,2,0,1,20,0,0,0.333333,0,0.666667,0,0,22,492,7,6260,600,0,0,0,0,2,0,0,0,2,0,0,2,0,0,3,0,0,5,0,0,0,0,5,0,1,0,FALSE,FALSE,TRUE,TRUE,FALSE,338,90,5983,4284,92696,29
org.apache.pig.test.utils.UDFContextTestLoaderWithSignature,MEDIUM,910,0.44,4,0.84,8,19,0.31,3,109,6,1,5,0.27,0,6,0,6,0,0,0,0,3,0,1,28,28,0,0.2,0,0.8,0,0,22,492,7,6260,600,0,0,3,0,0,0,0,0,3,0,0,7,0,0,0,0,0,7,0,0,0,0,7,0,1,0,FALSE,FALSE,TRUE,TRUE,FALSE,338,90,5983,4284,92696,29
org.apache.pig.test.utils.UPPER,MEDIUM,1103,0.21,6,0.88,9,17,0.31,12,45,4,1,7,0.55,0,0,0,1,0,0,0,1,17,0,1,69,69,0,1,0,0,0,1,11,431,1,3562,432,0,17,0,0,0,17,17,17,0,0,0,0,1,0,0,0,0,1,0,0,0,0,1,0,0,1,FALSE,FALSE,TRUE,TRUE,FALSE,338,90,5983,4284,92696,29
org.apache.pig.test.utils.URLPARSE,MEDIUM,906,0.4,6,0.84,9,30,0.32,12,209,6,3,3,0.39,0,0,0,1,0,0,0,1,42,0,1,79,79,0,1,0,0,0,1,11,431,1,3562,432,0,42,0,0,0,42,42,42,0,0,0,0,1,0,0,0,0,1,0,0,0,0,1,0,0,1,FALSE,FALSE,TRUE,TRUE,FALSE,338,90,5983,4284,92696,29
org.apache.pig.test.utils.WordCount,MEDIUM,893,0.48,5,0.71,11,24,0.25,9,53,6,1,5,0.37,0,14,0,14,0,0,0,0,7,0,1,59,59,0,0.076923,0,0.923077,0,0,32,426,20,5272,1009,0,0,7,0,0,0,0,0,7,0,0,15,0,0,0,0,0,15,0,0,0,0,15,0,1,0,FALSE,FALSE,TRUE,TRUE,FALSE,338,90,5983,4284,92696,29
org.apache.pig.test.utils.WrongCustomPartitioner,MEDIUM,820,0.24,5,0.68,7,14,0.34,4,107,3,1,7,0.42,0,42,0,42,0,0,0,0,26,0,1,204,204,0,0.02439,0,0.984991,0,0,32,426,20,5272,1009,0,5,21,0,0,5,5,5,21,0,0,43,0,0,0,0,0,43,0,0,0,0,43,0,1,0,FALSE,FALSE,TRUE,TRUE,FALSE,338,90,5983,4284,92696,29
org.apache.pig.tez.TestGroupConstParallelTez,MEDIUM,953,0.5,3,0.57,9,20,0.32,8,153,7,2,3,0.38,0,14,0,14,0,0,0,0,7,0,1,59,59,0,0.076923,0,0.923077,0,0,32,426,20,5272,1009,0,0,7,0,0,0,0,0,7,0,0,14,0,0,0,0,0,14,0,0,0,0,14,0,0,0,FALSE,FALSE,TRUE,FALSE,FALSE,338,90,5983,4284,92696,29
org.apache.pig.tez.TestJobSubmissionTez,MEDIUM,844,0.65,6,0.78,8,15,0.29,9,207,7,4,4,0.38,4,1,1,52,?,13,19,51,37,?,6,1320,1315,94,0.272727,1,0.966084,?,134,34,356,2,8244,383,0,11,6,19,1,18,23,18,14,0,5,22,18,11,1,0,6,46,1,0,0,1,51,50,0,1,FALSE,FALSE,TRUE,FALSE,FALSE,649,50,5366,4947,94240,45
org.apache.pig.tez.TestLoaderStorerShipCacheFilesTez,MEDIUM,807,0.35,5,0.81,7,28,0.27,9,137,7,4,3,0.23,0,0,3,1,0,0,5,1,11,536,6,117,117,7,1,0,0,0.083333,8,114,326,8,5423,440,0,11,0,0,0,7,10,7,1,0,3,1,0,0,0,0,0,1,0,0,0,0,1,0,0,1,FALSE,FALSE,TRUE,FALSE,FALSE,959,115,5518,4398,58718,54
org.apache.pig.tez.TestSecondarySortTez,MEDIUM,1038,0.58,7,0.67,9,17,0.29,6,111,5,3,5,0.37,0,8,0,9,0,0,8,1,9,0,1,47,7,8,0,0,1,0.111111,1,9,39,0,266,47,0,0,9,0,0,0,0,0,9,0,0,9,0,0,0,0,0,9,0,0,0,0,9,0,0,1,FALSE,FALSE,TRUE,FALSE,FALSE,959,115,5518,4398,58718,54
org.apache.pig.tez.TestTezAutoParallelism,MEDIUM,898,0.66,7,0.82,10,27,0.3,3,43,5,3,7,0.51,1,6,0,7,0,0,1,1,6,0,1,41,11,4,0,0,1,0,1,13,115,4,1249,179,1,0,6,0,0,6,0,0,0,6,0,6,0,0,1,0,0,7,0,0,0,0,7,0,0,1,FALSE,FALSE,TRUE,FALSE,FALSE,959,115,5518,4398,58718,54
org.apache.pig.tez.TestTezCompiler,MEDIUM,1038,0.51,6,0.66,9,16,0.25,8,212,4,4,6,0.34,0,3,0,4,0,0,0,1,3,0,1,22,7,0,0,0,1,0.142857,1,23,118,4,1473,146,0,3,0,0,0,0,0,0,3,0,0,4,0,0,0,0,0,4,0,0,0,0,4,0,0,1,FALSE,FALSE,TRUE,FALSE,FALSE,959,115,5518,4398,58718,54
org.apache.pig.tez.TestTezJobControlCompiler,MEDIUM,966,0.42,7,0.71,10,17,0.34,12,177,4,2,7,0.31,1,5,4,45,1,28,32,40,26,8,2,1134,1029,78,0.161905,0,0.957168,0.6,150,92,431,12,6097,576,0,4,22,0,0,5,6,5,20,0,1,16,29,0,0,1,0,44,0,0,1,0,44,39,0,1,TRUE,FALSE,TRUE,FALSE,FALSE,959,115,5518,4398,58718,54
org.apache.pig.tez.TestTezLauncher,MEDIUM,1019,0.33,5,0.85,8,18,0.33,8,173,5,1,4,0.32,0,0,0,9,0,1,4,9,0,3,2,82,82,3,0,0,0,1,10,16,79,0,921,95,0,0,0,0,0,0,0,0,0,0,0,9,0,0,0,0,0,9,0,0,0,0,9,8,0,1,FALSE,FALSE,TRUE,FALSE,FALSE,849,78,5788,4778,65687,43
org.apache.pig.tutorial.ExtractHour,NON-SEVERE,920,0.72,3,0.87,4,25,0.25,6,215,7,2,2,0.14,0,16,0,23,0,0,0,7,16,0,1,149,41,0,0.051948,0,0.978788,0,7,8,64,3,1627,92,1,0,11,0,5,6,5,5,10,1,0,0,0,0,23,0,0,23,0,0,0,0,23,6,0,1,FALSE,FALSE,FALSE,FALSE,FALSE,262,57,1805,1524,34404,26
org.apache.pig.tutorial.NGramGenerator,NON-SEVERE,845,0.7,6,0.78,0,21,0.32,5,51,4,2,2,0.2,4,1,17,18,3,39,47,17,44,3,2,2165,2143,97,0.192308,0,0.914439,1,191,29,105,0,3957,129,0,0,37,0,7,16,12,12,28,4,0,14,4,0,0,0,0,18,1,0,0,1,17,16,0,1,FALSE,FALSE,FALSE,FALSE,FALSE,262,57,1805,1524,34404,26
org.apache.pig.tutorial.NonURLDetector,NON-SEVERE,895,0.72,5,0.77,2,15,0.25,8,84,3,4,2,0.12,0,0,0,2,1,0,2,2,0,4,2,21,21,2,1,0,0,1,2,37,143,0,3130,157,0,0,0,0,0,0,0,0,0,0,0,2,0,0,0,0,0,2,0,0,0,0,2,1,0,1,FALSE,FALSE,FALSE,FALSE,FALSE,296,19,2118,1724,34617,22
org.apache.pig.tutorial.ScoreGenerator,NON-SEVERE,887,0.72,3,0.74,2,18,0.31,4,171,6,3,1,0.13,0,0,0,3,0,1,2,3,1,6,3,31,31,1,0,0,1,1,3,37,143,0,3130,157,0,0,1,0,0,1,1,1,0,0,0,2,1,0,0,0,0,3,1,0,0,1,2,2,0,1,FALSE,FALSE,FALSE,FALSE,FALSE,296,19,2118,1724,34617,22
org.apache.pig.tutorial.ToLower,NON-SEVERE,917,0.71,5,0.87,1,21,0.27,12,56,6,1,1,0.19,0,19,33,104,0,8,45,85,29,0,1,1526,1384,59,0.102798,0,0.980917,0.391304,147,52,176,0,2771,208,0,1,0,28,0,1,1,1,28,0,0,22,0,82,0,0,0,104,0,0,0,0,104,84,0,1,FALSE,FALSE,FALSE,FALSE,FALSE,296,19,2118,1724,34617,22
org.apache.pig.tutorial.TutorialTest,NON-SEVERE,904,0.72,3,0.6,1,19,0.26,2,62,5,3,2,0.14,0,5,1,10,0,1,4,5,17,698,5,227,169,5,0.111111,0,1,0.5,8,52,176,0,2771,208,0,0,1,16,0,1,1,1,16,0,0,8,0,2,0,0,0,10,0,0,0,0,10,4,0,1,FALSE,FALSE,TRUE,FALSE,FALSE,296,19,2118,1724,34617,22
org.apache.pig.tutorial.TutorialUtil,NON-SEVERE,890,0.75,5,0.62,3,24,0.3,8,68,5,4,2,0.16,0,0,0,2,?,0,1,2,1,?,1,24,24,1,1,2,0,?,4,12,471,2,3219,549,0,1,0,0,0,1,1,1,0,0,0,0,0,2,0,0,0,2,0,0,0,0,2,2,0,0,FALSE,FALSE,FALSE,TRUE,FALSE,223,38,2989,2592,28583,13
org.apache.solr.analytics.accumulator.FacetingAccumulator,MEDIUM,881,0.47,6,0.66,9,31,0.27,9,63,3,1,5,0.34,0,8,0,9,0,0,0,1,4,0,1,43,43,0,0.285714,0,0.875,0.111111,1,78,319,10,3615,375,0,0,4,0,0,0,0,0,4,0,0,9,0,0,0,0,0,9,0,0,0,0,9,0,0,1,FALSE,FALSE,FALSE,FALSE,FALSE,849,78,5788,4778,65687,43
org.apache.solr.analytics.facet.FieldFacetTest,MEDIUM,847,0.23,3,0.64,10,24,0.32,10,150,6,4,6,0.38,1,4,0,8,0,0,0,4,4,0,1,40,20,0,0.333333,0,0.857143,0.5,5,16,74,3,1295,78,1,0,4,0,0,2,0,0,2,2,0,8,0,0,0,0,0,8,0,0,0,0,8,2,0,2,FALSE,FALSE,TRUE,FALSE,FALSE,862,52,5959,5541,71486,88
org.apache.solr.analytics.statistics.StatsCollectorSupplierFactory,MEDIUM,1114,0.63,4,0.83,5,28,0.29,6,60,4,3,4,0.34,0,0,0,6,0,0,0,6,2,0,1,33,33,0,1,3,0.9,1,7,2,28,0,293,31,0,0,2,0,0,2,1,1,0,1,0,3,1,2,0,0,0,6,0,0,0,0,6,3,0,3,FALSE,TRUE,FALSE,FALSE,FALSE,862,52,5959,5541,71486,88
org.apache.solr.BaseDistributedSearchTestCase,MEDIUM,881,0.3,5,0.78,11,21,0.25,4,203,5,3,4,0.36,0,3,0,5,0,0,0,2,7,0,1,56,41,0,0,0,1,0.222222,2,5,32,1,366,40,0,4,3,0,0,4,4,4,3,0,0,5,0,0,0,0,0,5,0,0,0,0,5,0,0,2,FALSE,FALSE,TRUE,FALSE,FALSE,862,52,5959,5541,71486,88
org.apache.solr.client.solrj.impl.BasicHttpSolrClientTest,MEDIUM,1067,0.35,3,0.81,6,24,0.3,9,38,6,3,6,0.45,0,7,0,8,0,0,0,1,7,0,1,47,12,0,0,0,1,0.125,1,3,11,0,224,24,0,0,7,0,0,0,0,0,7,0,0,8,0,0,0,0,0,8,0,0,0,0,8,0,0,1,FALSE,FALSE,TRUE,FALSE,FALSE,862,52,5959,5541,71486,88
org.apache.solr.client.solrj.impl.CloudSolrClient,MEDIUM,834,0.3,3,0.56,11,30,0.33,6,52,3,3,6,0.38,0,6,0,8,0,4,3,2,0,43,3,85,21,4,0,0,0,0.25,4,6,20,0,453,35,0,0,0,0,0,0,0,0,0,0,0,8,0,0,0,0,0,8,0,0,0,0,8,0,0,2,FALSE,FALSE,FALSE,FALSE,FALSE,497,38,5768,4374,117757,24
org.apache.solr.client.solrj.impl.HttpSolrClient,MEDIUM,1043,0.65,3,0.84,10,17,0.28,9,217,4,2,6,0.41,0,20,0,25,1,2,1,5,11,0,1,214,114,2,0.202899,0,0.882576,0.192308,8,24,154,0,3513,212,0,1,10,0,0,1,1,1,10,0,0,25,0,0,0,0,0,25,1,0,0,1,24,4,0,1,FALSE,FALSE,FALSE,FALSE,FALSE,497,38,5768,4374,117757,24
org.apache.solr.client.solrj.impl.LBHttpSolrClient,MEDIUM,1117,0.55,3,0.71,11,20,0.3,5,65,7,1,6,0.48,0,6,0,7,0,6,1,1,0,43,3,77,3,2,0,0,0,0.142857,1,13,23,0,738,62,0,0,0,0,0,0,0,0,0,0,0,7,0,0,0,0,0,7,0,0,0,0,7,0,0,1,FALSE,FALSE,FALSE,FALSE,FALSE,497,38,5768,4374,117757,24
org.apache.solr.client.solrj.io.stream.StreamExpressionTest,MEDIUM,1108,0.24,6,0.63,6,29,0.32,7,39,7,2,7,0.55,0,6,0,7,0,6,1,1,0,43,3,76,3,2,0,0,0,0.142857,1,13,23,0,738,62,0,0,0,0,0,0,0,0,0,0,0,7,0,0,0,0,0,7,0,0,0,0,7,0,0,1,FALSE,FALSE,TRUE,FALSE,FALSE,497,38,5768,4374,117757,24
org.apache.solr.client.solrj.io.stream.StreamingTest,MEDIUM,1071,0.6,5,0.65,7,15,0.28,2,67,6,3,4,0.27,0,54,0,105,?,14,27,51,65,?,2,1950,1339,49,0.04601,7,0.993047,?,202,42,592,8,13290,817,0,24,6,34,1,24,25,24,40,0,1,102,1,2,0,0,0,105,16,0,0,16,89,49,0,2,FALSE,FALSE,TRUE,FALSE,FALSE,497,38,5768,4374,117757,24
org.apache.solr.client.solrj.request.SchemaTest,MEDIUM,999,0.44,7,0.75,8,23,0.34,7,153,5,2,7,0.32,0,0,0,1,0,0,1,1,15,63,5,38,38,1,1,0,0,0.066667,1,10,53,0,916,55,0,14,1,0,0,15,15,15,0,0,0,1,0,0,0,0,0,1,0,0,0,0,1,0,0,1,FALSE,FALSE,TRUE,FALSE,FALSE,497,38,5768,4374,117757,24
org.apache.solr.client.solrj.SolrClient,MEDIUM,986,0.26,7,0.63,8,29,0.3,7,168,5,3,4,0.36,0,9,0,12,0,0,1,3,10,0,1,147,57,1,0,0,1,0.25,3,54,179,4,2936,197,0,0,0,0,10,0,0,0,10,0,0,12,0,0,0,0,0,12,0,0,0,0,12,1,0,2,FALSE,FALSE,FALSE,FALSE,FALSE,497,38,5768,4374,117757,24
org.apache.solr.client.solrj.SolrExampleTests,MEDIUM,861,0.4,5,0.65,7,22,0.29,8,93,3,4,3,0.46,0,37,0,63,0,63,20,26,55,0,1,1562,1079,56,0.311475,0,0.959531,0.289855,216,245,2644,11,73431,3557,0,13,10,32,0,16,16,16,39,0,0,56,1,6,0,0,0,63,6,0,0,6,57,25,0,1,FALSE,FALSE,TRUE,FALSE,FALSE,497,38,5768,4374,117757,24
org.apache.solr.client.solrj.SolrQuery,MEDIUM,914,0.38,5,0.71,11,20,0.25,5,155,3,4,7,0.29,0,18,1,64,17,126,50,46,22,154,3,1635,1395,178,0.330216,0,0.955267,0.444444,335,245,2644,11,73431,3557,0,0,1,14,7,0,0,0,22,0,0,18,4,4,38,0,0,64,2,0,0,2,62,45,0,1,FALSE,FALSE,FALSE,FALSE,FALSE,497,38,5768,4374,117757,24
org.apache.solr.cloud.AbstractFullDistribZkTestBase,MEDIUM,818,0.28,7,0.69,9,23,0.28,8,183,3,4,4,0.44,0,25,4,76,10,163,60,51,49,35,2,2345,2147,227,0.405045,0,0.961088,0.722222,363,245,2644,11,73431,3557,0,0,1,45,3,2,2,2,47,0,0,18,0,11,47,0,0,76,0,0,0,0,76,50,0,1,FALSE,FALSE,TRUE,FALSE,FALSE,497,38,5768,4374,117757,24
org.apache.solr.cloud.BaseCdcrDistributedZkTest,MEDIUM,1007,0.63,4,0.82,5,18,0.29,5,107,3,3,6,0.49,0,8,3,42,1,26,20,34,28,67,2,1513,1371,47,0.356275,2,0.924216,0.5,250,245,2644,11,73431,3557,0,0,0,27,1,1,1,1,27,0,0,12,1,14,15,0,0,42,2,0,0,2,40,32,0,2,FALSE,FALSE,TRUE,FALSE,FALSE,497,38,5768,4374,117757,24
org.apache.solr.cloud.BasicDistributedZkTest,MEDIUM,851,0.24,6,0.73,8,23,0.31,12,50,7,3,5,0.41,1,19,1,139,0,169,35,120,46,0,1,3585,3336,133,0.468492,1,0.977158,0.833333,703,245,2644,11,73431,3557,0,1,13,28,4,3,4,3,42,0,1,101,9,21,8,1,0,138,24,0,1,24,114,108,0,12,FALSE,FALSE,TRUE,FALSE,FALSE,497,38,5768,4374,117757,24
org.apache.solr.cloud.CollectionsAPIDistributedZkTest,MEDIUM,1109,0.31,3,0.83,11,23,0.31,3,200,6,4,6,0.34,0,3,4,40,?,13,20,37,18,?,1,1093,1062,30,0.011765,4,1,?,90,27,175,3,3728,200,0,13,5,0,0,13,15,13,3,0,2,35,2,3,0,0,0,40,4,0,0,4,36,34,0,3,FALSE,FALSE,TRUE,FALSE,FALSE,1037,62,6560,5860,138536,28
org.apache.solr.cloud.OverseerCollectionConfigSetProcessorTest,MEDIUM,865,0.57,5,0.83,6,29,0.32,9,178,4,3,3,0.34,3,11,18,53,2,35,50,42,39,518,5,2060,1951,91,0.262626,0,0.9714,0.622642,167,57,199,1,5441,224,0,11,26,0,2,12,12,12,27,0,0,42,6,0,5,0,0,53,4,0,0,4,49,40,0,2,TRUE,FALSE,TRUE,FALSE,FALSE,1037,62,6560,5860,138536,28
org.apache.solr.cloud.OverseerCollectionMessageHandler,MEDIUM,980,0.59,6,0.87,5,17,0.27,3,69,4,1,7,0.33,0,20,6,85,9,47,33,65,35,102,2,2167,1901,105,0.23843,0,0.977891,0.625,242,123,1029,7,25957,1144,0,12,21,0,2,21,20,20,14,1,0,68,10,4,3,0,0,85,2,0,0,2,83,64,0,1,FALSE,FALSE,FALSE,FALSE,FALSE,1037,62,6560,5860,138536,28
org.apache.solr.cloud.OverseerTest,MEDIUM,930,0.31,6,0.76,7,17,0.28,5,186,6,4,3,0.39,0,21,2,117,0,27,21,96,24,0,1,2711,2424,70,0.409842,1,0.968032,0.757576,299,24,249,4,5150,285,0,4,17,3,0,7,4,4,17,3,0,95,5,17,0,0,0,117,0,0,0,0,117,94,0,2,FALSE,FALSE,TRUE,FALSE,FALSE,1037,62,6560,5860,138536,28
org.apache.solr.cloud.TestCloudPivotFacet,MEDIUM,988,0.52,3,0.72,11,27,0.26,9,78,6,1,4,0.29,0,0,0,1,0,0,1,1,7,29,2,13,13,1,1,0,0,0.125,1,21,71,1,1801,106,0,7,0,0,0,7,7,7,0,0,0,1,0,0,0,0,0,1,0,0,0,0,1,0,0,1,FALSE,FALSE,TRUE,FALSE,FALSE,1188,117,6818,5763,109035,183
org.apache.solr.cloud.ZkController,MEDIUM,835,0.39,6,0.79,6,31,0.25,2,216,4,4,4,0.53,0,0,0,1,0,0,1,1,21,29,2,33,33,1,1,0,0,0.045455,1,21,71,1,1801,106,0,21,0,0,0,21,21,21,0,0,0,1,0,0,0,0,0,1,0,0,0,0,1,0,0,1,TRUE,FALSE,FALSE,FALSE,FALSE,1188,117,6818,5763,109035,183
org.apache.solr.common.cloud.SolrZkClient,MEDIUM,1082,0.3,7,0.85,7,31,0.3,9,189,6,3,3,0.29,0,0,0,1,0,0,1,1,19,29,2,67,67,1,1,0,0,0.05,1,21,71,1,1801,106,0,19,0,0,0,19,19,19,0,0,0,1,0,0,0,0,0,1,0,0,0,0,1,0,0,1,FALSE,FALSE,FALSE,FALSE,FALSE,1188,117,6818,5763,109035,183
org.apache.solr.common.cloud.ZkStateReader,MEDIUM,837,0.26,6,0.68,8,14,0.29,10,77,4,2,5,0.41,0,0,0,1,0,0,1,1,8,29,2,42,42,1,1,0,0,0.111111,1,21,71,1,1801,106,0,8,0,0,0,8,8,8,0,0,0,1,0,0,0,0,0,1,0,0,0,0,1,0,0,1,FALSE,FALSE,FALSE,FALSE,FALSE,1188,117,6818,5763,109035,183
org.apache.solr.common.util.JavaBinCodec,MEDIUM,1085,0.59,3,0.86,10,15,0.26,6,191,7,1,4,0.41,0,0,0,1,0,0,1,1,6,29,2,13,13,1,1,0,0,0.142857,1,21,71,1,1801,106,0,6,0,0,0,6,6,6,0,0,0,1,0,0,0,0,0,1,0,0,0,0,1,0,0,1,FALSE,FALSE,FALSE,TRUE,FALSE,1188,117,6818,5763,109035,183
org.apache.solr.common.util.NamedList,MEDIUM,963,0.33,4,0.59,11,21,0.3,12,104,7,3,5,0.41,0,7,0,46,16,14,30,39,6,98,5,1091,997,80,0.415385,0,0.959259,0.885714,119,7,67,0,1589,79,0,0,5,1,0,1,1,1,5,0,0,35,4,7,0,0,0,46,1,0,0,1,45,37,0,2,FALSE,FALSE,FALSE,TRUE,FALSE,1188,117,6818,5763,109035,183
org.apache.solr.core.CoreContainer,MEDIUM,811,0.66,7,0.6,9,27,0.28,2,134,4,3,4,0.47,1,0,0,46,0,18,20,46,4,0,1,1837,1837,48,0.318182,0,0.944444,1,275,4,72,1,2491,72,0,0,4,0,0,1,1,1,3,0,0,13,33,0,0,0,0,46,3,0,0,3,43,45,0,1,FALSE,FALSE,FALSE,FALSE,FALSE,968,54,7232,6313,104357,64
org.apache.solr.core.SolrCore,MEDIUM,881,0.6,7,0.65,6,16,0.33,5,74,4,4,4,0.54,0,6,0,8,0,0,0,2,4,15,2,64,23,0,0.6,0,0.714286,0.166667,2,22,265,0,5628,291,1,4,0,0,0,0,0,0,4,0,0,8,0,0,0,0,0,8,0,0,0,0,8,0,0,2,FALSE,FALSE,FALSE,FALSE,FALSE,968,54,7232,6313,104357,64
org.apache.solr.core.SolrResourceLoader,MEDIUM,1087,0.24,5,0.63,9,22,0.34,6,64,7,2,4,0.5,0,5,0,7,0,0,0,2,4,15,2,57,24,0,0.4,0,0.833333,0.181818,2,22,265,0,5628,291,1,4,0,0,0,0,0,0,4,0,0,7,0,0,0,0,0,7,0,0,0,0,7,0,0,2,FALSE,FALSE,FALSE,FALSE,FALSE,968,54,7232,6313,104357,64
org.apache.solr.CursorPagingTest,MEDIUM,1104,0.59,3,0.83,9,28,0.28,12,41,6,1,4,0.31,1,0,1,66,0,64,17,66,12,0,1,3363,3363,54,0.230769,1,0.921795,1,518,8,210,2,5947,221,0,0,12,0,0,2,2,2,10,0,0,16,50,0,0,0,0,66,4,0,0,4,62,64,0,2,FALSE,FALSE,TRUE,FALSE,FALSE,968,54,7232,6313,104357,64
org.apache.solr.hadoop.MorphlineGoLiveMiniMRTest,MEDIUM,835,0.46,6,0.59,11,14,0.3,3,103,4,3,3,0.35,0,0,0,1,0,8,0,1,10,0,1,270,270,0,1,0,0,0,1,31,132,1,2750,171,0,10,0,0,0,10,10,10,0,0,0,0,1,0,0,0,0,1,0,0,0,0,1,0,0,1,FALSE,FALSE,TRUE,FALSE,FALSE,968,54,7232,6313,104357,64
org.apache.solr.handler.admin.CoreAdminHandler,MEDIUM,1076,0.66,3,0.84,7,26,0.3,2,78,5,1,3,0.49,0,0,2,1,0,0,0,1,7,0,1,41,41,0,1,0,0,0,1,17,73,1,1448,94,0,7,0,0,0,7,7,7,0,0,0,0,1,0,0,0,0,1,0,0,0,0,1,0,0,1,FALSE,FALSE,FALSE,FALSE,FALSE,968,54,7232,6313,104357,64
org.apache.solr.handler.admin.LukeRequestHandler,MEDIUM,1120,0.32,5,0.88,5,29,0.31,10,206,7,2,3,0.32,0,8,1,38,22,30,22,30,8,49,3,1075,989,40,0.326437,0,0.905405,0.702703,151,68,681,2,16486,924,0,3,5,0,0,5,5,5,3,0,0,34,3,1,0,0,0,38,2,0,0,2,36,25,0,5,FALSE,FALSE,FALSE,FALSE,FALSE,799,32,6880,5602,136533,22
org.apache.solr.handler.component.FacetComponent,MEDIUM,997,0.41,3,0.88,7,19,0.28,12,86,4,2,5,0.49,1,22,1,54,17,26,23,32,16,25,2,1614,1257,42,0.442376,0,0.766038,0.55102,209,68,681,2,16486,924,0,0,2,0,14,2,2,2,14,0,0,49,3,1,1,3,0,51,5,0,3,5,46,29,0,3,FALSE,FALSE,FALSE,FALSE,FALSE,799,32,6880,5602,136533,22
org.apache.solr.handler.component.QueryComponent,MEDIUM,976,0.46,7,0.79,8,15,0.27,3,103,5,3,7,0.52,0,3,0,23,0,71,16,20,16,0,1,1054,1030,51,0.490909,0,0.827273,0.6,189,55,301,4,10173,328,0,1,15,0,0,0,0,0,16,0,0,9,11,0,3,0,0,23,0,0,0,0,23,19,0,1,FALSE,FALSE,FALSE,FALSE,FALSE,799,32,6880,5602,136533,22
org.apache.solr.handler.component.RangeFacetRequest,MEDIUM,1006,0.56,3,0.81,9,23,0.25,5,99,5,3,5,0.31,2,3,8,34,0,119,67,31,107,0,1,2633,2410,140,0.501894,0,0.692037,0.36,404,55,301,4,10173,328,0,13,0,94,0,13,13,13,94,0,0,12,0,22,0,0,0,34,0,0,0,0,34,30,0,1,FALSE,FALSE,FALSE,FALSE,FALSE,799,32,6880,5602,136533,22
org.apache.solr.handler.component.SpellCheckComponent,MEDIUM,1001,0.46,4,0.76,5,22,0.33,9,72,3,4,5,0.52,0,13,0,14,0,0,0,1,13,0,1,121,4,0,0,0,0.876923,0.071429,1,14,54,0,2883,67,0,0,0,0,13,0,0,0,13,0,0,14,0,0,0,0,0,14,0,0,0,0,14,0,0,1,FALSE,FALSE,FALSE,FALSE,FALSE,799,32,6880,5602,136533,22
org.apache.solr.handler.component.StatsComponentTest,MEDIUM,864,0.5,6,0.83,7,26,0.3,9,164,7,2,4,0.41,0,8,0,10,0,0,0,2,4,0,1,74,26,0,0.333333,0,0.777778,0.2,2,7,31,0,574,40,0,0,4,0,0,0,0,0,4,0,0,10,0,0,0,0,0,10,0,0,0,0,10,1,0,1,FALSE,FALSE,TRUE,FALSE,FALSE,799,32,6880,5602,136533,22
org.apache.solr.handler.dataimport.AbstractSqlEntityProcessorTestCase,MEDIUM,821,0.33,4,0.65,10,18,0.28,8,39,3,2,7,0.45,0,1,4,14,2,8,9,13,11,7,2,1176,1154,12,0.3,0,0.846154,0.833333,97,45,251,0,8451,293,0,0,10,0,1,1,1,1,10,0,0,6,8,0,0,0,0,14,2,0,0,2,12,12,0,1,TRUE,FALSE,TRUE,FALSE,FALSE,799,32,6880,5602,136533,22
org.apache.solr.handler.dataimport.DocBuilder,MEDIUM,861,0.26,7,0.81,6,21,0.31,7,92,3,4,4,0.47,2,3,8,33,0,87,37,30,57,0,1,3563,3455,85,0.577778,0,0.787716,0.4375,362,15,74,1,3924,84,0,6,51,0,0,7,7,7,50,0,0,10,22,0,1,0,0,33,0,0,0,0,33,29,0,1,TRUE,FALSE,FALSE,FALSE,FALSE,799,32,6880,5602,136533,22
org.apache.solr.handler.dataimport.MailEntityProcessor,MEDIUM,972,0.65,5,0.77,5,15,0.3,5,118,5,4,5,0.28,0,1,0,11,0,28,8,10,12,0,1,1257,1248,20,1,0,0.722222,0.285714,292,154,1184,6,31219,1423,0,4,8,0,0,4,4,4,8,0,0,3,8,0,0,0,0,11,0,0,0,0,11,9,0,1,TRUE,FALSE,FALSE,FALSE,FALSE,799,32,6880,5602,136533,22
org.apache.solr.handler.IndexFetcher,MEDIUM,972,0.5,6,0.74,10,29,0.32,7,50,7,3,3,0.32,1,12,0,42,0,10,2,30,54,0,1,1055,986,5,0.224638,0,0.978771,0.368421,183,3,44,1,1190,56,0,12,42,0,0,28,29,28,25,0,1,26,16,0,0,7,0,35,9,0,7,9,26,28,0,2,FALSE,FALSE,FALSE,FALSE,FALSE,465,54,7652,6749,171667,22
org.apache.solr.handler.ReplicationHandler,MEDIUM,1038,0.59,5,0.77,5,22,0.29,2,56,3,2,6,0.25,0,0,0,43,10,47,10,43,1,87,3,1527,1527,36,0.063879,0,0.833333,0.976744,322,28,660,3,12014,710,0,1,0,0,0,1,0,0,0,1,0,42,0,0,1,0,0,43,7,0,0,7,36,42,0,1,FALSE,FALSE,FALSE,FALSE,FALSE,465,54,7652,6749,171667,22
org.apache.solr.handler.SolrConfigHandler,MEDIUM,907,0.3,5,0.71,10,27,0.32,2,61,4,4,4,0.28,0,0,0,11,0,89,30,11,0,183,3,1147,1147,90,0,1,0,0,161,106,2196,12,69768,2620,0,0,0,0,0,0,0,0,0,0,0,0,2,0,9,0,0,11,1,0,0,1,10,10,0,1,FALSE,FALSE,FALSE,FALSE,FALSE,465,54,7652,6749,171667,22
org.apache.solr.handler.SQLHandler,MEDIUM,809,0.65,5,0.55,7,27,0.32,3,56,5,4,7,0.53,0,10,0,67,28,100,38,57,36,20,2,2216,2100,152,0.414966,0,0.919613,0.484848,401,106,2196,12,69768,2620,0,10,19,0,7,1,1,1,35,0,0,23,16,0,28,0,0,67,1,0,0,1,66,55,0,2,FALSE,FALSE,FALSE,FALSE,FALSE,465,54,7652,6749,171667,22
org.apache.solr.handler.TestReplicationHandler,MEDIUM,1001,0.27,6,0.68,9,29,0.29,10,74,4,2,4,0.45,0,1,0,37,7,68,19,36,2,71,2,1836,1825,63,0.005848,1,1,0.833333,465,106,2196,12,69768,2620,0,0,0,0,2,0,0,0,2,0,0,6,11,1,19,0,0,37,2,0,0,2,35,29,0,7,FALSE,FALSE,TRUE,FALSE,FALSE,465,54,7652,6749,171667,22
org.apache.solr.parser.QueryParser,MEDIUM,896,0.57,6,0.57,9,19,0.31,3,210,7,2,4,0.42,0,1,0,10,5,181,28,9,70,79,3,2084,2043,69,0.277778,0,0.844444,0.583333,504,106,2196,12,69768,2620,0,4,64,0,2,67,67,67,3,0,0,8,1,0,1,0,0,10,4,0,0,4,6,8,0,1,TRUE,FALSE,FALSE,FALSE,FALSE,465,54,7652,6749,171667,22
org.apache.solr.parser.QueryParserTokenManager,MEDIUM,915,0.55,3,0.69,10,14,0.27,6,170,6,1,6,0.32,0,0,0,86,1,332,50,86,3,220,5,4973,4973,193,0.005445,1,0.968627,0,695,106,2196,12,69768,2620,0,0,0,0,3,3,3,3,0,0,0,0,27,0,59,0,0,86,2,0,0,2,84,85,0,1,TRUE,FALSE,FALSE,FALSE,FALSE,465,54,7652,6749,171667,22
org.apache.solr.parser.SolrQueryParserBase,MEDIUM,844,0.31,4,0.58,11,18,0.33,9,60,6,2,5,0.42,0,13,0,20,0,2,0,7,10,0,1,99,32,0,0.130719,1,0.942105,0.352941,8,106,2196,12,69768,2620,0,0,6,4,0,0,0,0,10,0,0,17,0,2,1,0,0,20,0,0,0,0,20,5,0,2,TRUE,FALSE,FALSE,FALSE,FALSE,465,54,7652,6749,171667,22
org.apache.solr.request.SimpleFacets,MEDIUM,1048,0.29,6,0.55,5,31,0.29,9,89,3,1,4,0.52,1,14,0,81,1,79,32,67,28,0,1,1854,1731,75,0.43956,12,0.956696,0.814815,369,106,2196,12,69768,2620,0,4,1,5,18,13,13,13,15,0,0,23,0,1,57,0,0,81,7,0,0,7,74,64,0,3,FALSE,FALSE,FALSE,FALSE,FALSE,465,54,7652,6749,171667,22
org.apache.solr.request.SimpleFacetsTest,MEDIUM,835,0.43,6,0.78,6,15,0.28,12,211,5,2,4,0.55,0,2,0,19,1,123,41,17,4,33,2,1268,1217,99,0.285714,1,1,1,245,106,2196,12,69768,2620,0,0,0,0,4,0,0,0,4,0,0,3,8,0,8,0,0,19,3,0,0,3,16,13,0,4,FALSE,FALSE,TRUE,FALSE,FALSE,465,54,7652,6749,171667,22
org.apache.solr.request.TestIntervalFaceting,MEDIUM,1029,0.42,5,0.85,6,26,0.32,11,73,6,3,3,0.25,0,1,0,3,0,0,0,2,17,0,1,47,33,0,1,1,1,0,2,106,2196,12,69768,2620,0,8,0,0,9,8,8,8,9,0,0,0,0,0,3,0,0,3,0,0,0,0,3,0,0,2,FALSE,FALSE,TRUE,FALSE,FALSE,465,54,7652,6749,171667,22
org.apache.solr.rest.RestManager,MEDIUM,1105,0.47,7,0.7,5,20,0.28,9,194,7,4,5,0.39,0,0,0,22,0,77,31,22,4,58,3,1261,1261,77,0.073529,2,0.952381,1,198,106,2196,12,69768,2620,0,0,0,0,4,0,0,0,4,0,0,1,0,0,21,0,0,22,3,0,0,3,19,17,0,5,TRUE,FALSE,FALSE,FALSE,FALSE,465,54,7652,6749,171667,22
org.apache.solr.schema.FieldType,MEDIUM,917,0.24,3,0.63,10,18,0.33,2,127,3,1,6,0.23,1,31,0,67,0,63,25,36,40,0,1,1012,849,42,0.15625,0,0.972348,0.430769,143,106,2196,12,69768,2620,0,8,4,0,28,10,9,9,30,1,0,57,1,0,9,0,0,67,6,0,0,6,61,34,0,2,FALSE,FALSE,FALSE,FALSE,FALSE,465,54,7652,6749,171667,22
org.apache.solr.schema.IndexSchema,MEDIUM,1112,0.27,5,0.57,9,27,0.28,5,89,6,1,5,0.46,0,0,0,73,1,123,49,73,1,34,3,6908,6908,158,0.006036,0,0.944444,0,496,4,121,0,10893,123,0,0,0,0,1,1,1,1,0,0,0,0,1,1,71,0,0,73,0,0,0,0,73,72,0,1,FALSE,FALSE,FALSE,FALSE,FALSE,465,54,7652,6749,171667,22
org.apache.solr.schema.ManagedIndexSchema,MEDIUM,800,0.35,7,0.67,7,14,0.31,12,121,6,4,4,0.41,1,10,1,61,0,25,15,51,22,0,1,1606,1544,43,0.235028,1,0.960606,0.782609,216,5,168,1,2931,188,0,0,8,5,9,15,1,1,7,14,0,46,0,0,15,0,0,61,0,0,0,0,61,50,0,1,TRUE,FALSE,FALSE,FALSE,FALSE,465,54,7652,6749,171667,22
org.apache.solr.schema.TestCloudManagedSchemaConcurrent,MEDIUM,840,0.59,4,0.88,5,14,0.34,7,39,5,1,7,0.23,0,0,0,1,0,0,0,1,57,0,1,65,65,0,1,0,0,0,1,37,124,1,2575,154,0,57,0,0,0,57,57,57,0,0,0,0,1,0,0,0,0,1,0,0,0,0,1,0,0,1,TRUE,FALSE,TRUE,FALSE,FALSE,909,77,8059,6366,113375,110
org.apache.solr.schema.TrieField,MEDIUM,997,0.62,5,0.64,9,21,0.3,12,112,6,3,5,0.32,0,3,2,17,2,22,25,14,6,33,3,1040,933,70,0.194444,0,0.947917,1,125,35,283,0,7389,383,0,0,5,0,1,5,5,5,1,0,0,2,7,8,0,0,0,17,1,0,0,1,16,13,0,1,FALSE,FALSE,FALSE,FALSE,FALSE,909,77,8059,6366,113375,110
org.apache.solr.search.ExtendedDismaxQParser,MEDIUM,1022,0.31,6,0.65,6,22,0.29,6,87,7,1,7,0.27,3,35,1,112,?,27,26,77,66,?,3,1626,1321,77,0.103862,5,0.993721,?,188,35,283,0,7389,383,0,38,24,4,0,64,65,64,1,0,1,98,4,9,1,0,1,111,5,0,0,5,107,76,0,1,TRUE,FALSE,FALSE,FALSE,FALSE,909,77,8059,6366,113375,110
org.apache.solr.search.Grouping,MEDIUM,1077,0.29,7,0.69,6,30,0.32,11,184,4,3,7,0.26,0,6,0,6,0,0,0,0,3,0,1,52,1,0,0.2,0,0.8,0,0,10,69,0,1943,81,0,0,3,0,0,0,0,0,3,0,0,6,0,0,0,0,0,6,0,0,0,0,6,0,0,0,FALSE,FALSE,FALSE,FALSE,FALSE,909,77,8059,6366,113375,110
org.apache.solr.search.QueryEqualityTest,MEDIUM,826,0.28,3,0.86,8,21,0.33,11,91,5,2,7,0.41,2,9,10,52,0,37,32,43,65,0,1,3148,2982,55,0.283391,0,0.970739,0.717949,329,39,360,5,17417,425,0,3,23,39,0,37,33,30,25,7,3,36,8,3,5,3,0,49,9,1,2,8,41,41,0,2,FALSE,FALSE,TRUE,FALSE,FALSE,789,155,9246,7348,188289,40
org.apache.solr.search.QueryParsing,MEDIUM,981,0.36,4,0.66,10,18,0.3,7,205,7,2,4,0.27,0,0,0,1,0,0,0,1,13,0,1,43,43,0,1,0,0,0,1,39,360,5,17417,425,1,13,0,0,0,13,10,10,0,3,0,0,1,0,0,0,0,1,0,0,0,0,1,0,0,1,FALSE,FALSE,FALSE,FALSE,FALSE,789,155,9246,7348,188289,40
org.apache.solr.search.SolrIndexSearcher,MEDIUM,948,0.53,4,0.81,8,15,0.32,4,98,4,3,4,0.3,3,7,3,33,6,32,18,26,47,23,2,1801,1668,65,0.301075,1,0.956782,0.666667,165,39,360,5,17417,425,0,0,13,34,0,33,21,21,14,12,0,15,1,17,0,2,0,31,0,0,2,0,31,25,0,1,FALSE,FALSE,FALSE,FALSE,FALSE,789,155,9246,7348,188289,40
org.apache.solr.search.SortedIntDocSet,MEDIUM,960,0.4,3,0.86,11,26,0.27,9,40,4,4,7,0.24,1,2,0,30,?,20,9,28,33,?,1,1421,1380,42,0.283251,2,0.951933,?,231,39,360,5,17417,425,0,0,4,29,0,21,16,16,12,5,0,7,1,22,0,0,0,30,0,0,0,0,30,28,0,0,FALSE,FALSE,FALSE,FALSE,FALSE,789,155,9246,7348,188289,40
org.apache.solr.search.TestRecovery,MEDIUM,837,0.3,7,0.61,10,14,0.27,2,82,4,3,6,0.38,3,10,0,53,0,46,12,43,40,0,1,1662,1562,82,0.477891,1,0.951442,0.782609,217,19,244,2,8367,299,0,0,15,25,0,18,14,14,22,4,0,46,3,4,0,0,0,53,1,0,0,1,52,42,0,1,FALSE,FALSE,TRUE,FALSE,FALSE,789,155,9246,7348,188289,40
org.apache.solr.search.TestRecoveryHdfs,MEDIUM,894,0.43,4,0.87,6,19,0.28,5,198,3,3,4,0.39,4,7,0,49,0,70,27,42,66,0,1,2030,1961,66,0.404878,2,0.958965,0.806452,254,19,244,2,8367,299,0,0,28,38,0,25,18,18,41,7,0,31,7,10,1,3,0,46,0,0,3,0,46,41,0,1,FALSE,FALSE,TRUE,FALSE,FALSE,789,155,9246,7348,188289,40
org.apache.solr.search.ValueSourceParser,MEDIUM,800,0.38,6,0.63,9,25,0.25,4,112,4,3,5,0.53,1,8,0,9,0,0,0,1,4,0,1,118,6,0,0.142857,0,0.875,0.111111,1,84,888,1,26974,1159,0,0,0,4,0,0,0,0,4,0,0,9,0,0,0,0,0,9,0,0,0,0,9,0,0,1,TRUE,FALSE,FALSE,FALSE,FALSE,789,155,9246,7348,188289,40
org.apache.solr.servlet.HttpSolrCall,MEDIUM,838,0.58,4,0.68,6,21,0.26,12,148,7,4,3,0.24,1,16,0,21,0,0,0,5,8,0,1,335,121,0,0.066667,0,0.95,0.238095,5,84,888,1,26974,1159,0,0,0,8,0,0,0,0,8,0,0,21,0,0,0,0,0,21,0,0,0,0,21,0,0,5,FALSE,FALSE,FALSE,FALSE,FALSE,789,155,9246,7348,188289,40
org.apache.solr.SolrTestCaseJ4,MEDIUM,995,0.35,7,0.88,7,22,0.33,7,204,7,4,3,0.49,3,4,2,60,26,23,15,56,8,181,5,1399,1339,31,0.337979,4,0.915254,1,206,84,888,1,26974,1159,0,0,0,6,2,1,1,1,7,0,0,12,14,11,23,0,0,60,0,0,0,0,60,52,0,4,FALSE,FALSE,TRUE,FALSE,FALSE,789,155,9246,7348,188289,40
org.apache.solr.update.CdcrUpdateLogTest,MEDIUM,916,0.55,6,0.6,7,28,0.27,7,182,6,1,7,0.36,1,6,0,11,0,0,0,5,6,0,1,127,77,0,0,0,1,0.294118,5,84,888,1,26974,1159,0,6,0,0,0,0,0,0,6,0,0,11,0,0,0,0,0,11,0,0,0,0,11,0,0,5,FALSE,FALSE,TRUE,FALSE,FALSE,789,155,9246,7348,188289,40
org.apache.solr.update.DirectUpdateHandler2,MEDIUM,1061,0.53,7,0.57,8,30,0.26,8,72,7,1,4,0.32,0,12,0,16,0,0,1,4,6,0,1,214,108,3,0.090909,5,0.933333,0.25,4,3,39,14,1026,76,0,0,0,6,0,0,0,0,6,0,0,16,0,0,0,0,0,16,0,0,0,0,16,0,0,4,FALSE,FALSE,FALSE,FALSE,FALSE,789,155,9246,7348,188289,40
org.apache.solr.update.processor.ParsingFieldUpdateProcessorsTest,MEDIUM,1094,0.29,6,0.71,5,29,0.27,8,110,5,4,3,0.23,0,6,3,120,0,142,68,114,120,0,1,4156,4115,161,0.4,0,0.983053,0.466667,721,29,275,0,11366,285,0,5,62,20,33,40,40,40,80,0,0,10,78,13,19,1,0,119,0,0,1,0,119,112,0,2,TRUE,FALSE,TRUE,FALSE,FALSE,789,155,9246,7348,188289,40
org.apache.solr.update.UpdateLog,MEDIUM,938,0.5,5,0.64,7,17,0.29,3,140,3,2,6,0.41,0,1,0,11,0,146,16,10,103,0,1,1648,1624,26,0.472222,0,1,0.166667,162,29,275,0,11366,285,0,40,27,32,4,93,96,93,7,0,3,8,1,1,1,0,0,11,1,0,0,1,10,9,0,1,FALSE,FALSE,FALSE,FALSE,FALSE,789,155,9246,7348,188289,40
org.apache.solr.util.hll.HLL,MEDIUM,874,0.49,6,0.79,8,16,0.33,9,108,4,3,5,0.23,0,9,0,12,5,5,1,3,2,7,2,131,17,1,0.611111,0,0.681818,0.25,6,57,484,1,11604,580,0,0,2,0,0,0,0,0,2,0,0,12,0,0,0,0,0,12,0,0,0,0,12,0,0,3,FALSE,FALSE,FALSE,TRUE,FALSE,789,155,9246,7348,188289,40
org.apache.solr.util.SimplePostTool,MEDIUM,1043,0.31,6,0.67,11,26,0.32,11,45,5,2,5,0.31,2,4,1,20,0,49,16,16,19,0,1,1078,852,23,0.484848,0,0.908587,0.692308,176,34,256,2,9229,318,0,0,6,13,0,14,12,12,5,2,0,13,7,0,0,0,0,20,0,0,0,0,20,15,0,1,FALSE,FALSE,FALSE,TRUE,FALSE,789,155,9246,7348,188289,40
org.apache.solr.util.SolrCLI,MEDIUM,1061,0.62,7,0.71,10,17,0.29,8,172,5,1,7,0.36,1,0,1,17,0,13,10,17,17,0,1,1128,1128,18,0.454545,0,0.886029,1,142,10,80,1,2359,91,0,0,17,0,0,2,3,2,14,0,1,10,5,0,2,0,0,17,0,0,0,0,17,16,0,1,FALSE,FALSE,FALSE,TRUE,FALSE,789,155,9246,7348,188289,40
org.apache.solr.util.SolrPluginUtils,MEDIUM,1008,0.42,7,0.64,5,25,0.28,10,124,6,2,7,0.24,4,8,9,63,0,174,54,55,132,0,1,4491,4361,137,0.375758,0,0.972752,0.72973,463,49,601,0,15070,750,0,4,59,63,6,65,49,49,67,16,0,33,7,0,23,1,0,62,0,0,1,0,62,54,0,1,FALSE,FALSE,FALSE,TRUE,FALSE,789,155,9246,7348,188289,40
org.apache.tools.bzip2r.CBZip2InputStream,NON-SEVERE,901,0.7,7,0.62,3,17,0.26,3,127,5,1,0,0.12,1,0,0,11,?,0,0,11,0,?,1,58,58,0,0,1,0,?,11,12,471,2,3219,549,0,0,0,0,0,0,0,0,0,0,0,11,0,0,0,0,0,11,0,0,0,0,11,11,0,0,FALSE,FALSE,FALSE,FALSE,TRUE,223,38,2989,2592,28583,13
org.apache.tools.bzip2r.CBZip2OutputStream,NON-SEVERE,901,0.73,7,0.83,0,22,0.28,6,87,5,1,1,0.1,0,13,0,38,?,21,29,25,17,?,2,745,637,49,0.327635,0,0.926868,?,131,17,145,0,2074,207,0,0,17,0,0,0,0,0,17,0,0,27,10,1,0,0,0,38,0,0,0,0,38,24,0,1,FALSE,FALSE,FALSE,FALSE,TRUE,223,38,2989,2592,28583,13
org.eclipse.cdt.debug.ui.memory.floatingpoint.Rendering,MEDIUM,914,0.53,5,0.74,7,29,0.33,4,43,5,2,4,0.28,0,0,0,1,0,0,1,1,0,0,1,8,8,1,1,0,0,1,1,39,282,2,3051,292,0,0,0,0,0,0,0,0,0,0,0,1,0,0,0,0,0,1,1,0,0,1,0,1,0,0,TRUE,FALSE,FALSE,FALSE,FALSE,1196,192,9900,9201,117117,48
org.eclipse.cdt.debug.ui.memory.memorybrowser.MemoryBrowser,MEDIUM,818,0.59,7,0.82,5,14,0.3,3,185,3,1,6,0.43,1,4,0,6,1,0,0,2,4,0,1,38,18,0,0.2,0,0.9,0.125,3,26,217,4,2713,245,0,3,0,0,1,4,0,0,0,4,0,5,0,0,1,0,0,6,0,0,0,0,6,1,0,1,TRUE,FALSE,FALSE,FALSE,FALSE,1196,192,9900,9201,117117,48
org.eclipse.cdt.debug.ui.memory.search.FindReplaceDialog,MEDIUM,839,0.49,6,0.7,7,30,0.25,8,48,7,4,3,0.48,1,0,0,1,1,0,0,1,11,0,1,16,16,0,1,0,0,0.083333,1,7,66,0,822,68,0,11,0,0,0,0,0,0,11,0,0,2,0,0,0,0,0,2,0,0,0,0,2,1,1,0,TRUE,FALSE,FALSE,FALSE,FALSE,1093,80,8798,7670,126255,21
org.eclipse.cdt.debug.ui.memory.traditional.AbstractPane,MEDIUM,1019,0.26,4,0.7,9,18,0.27,4,166,6,4,4,0.54,1,14,12,27,2,5,15,13,19,35,2,1469,1413,32,0.22381,0,0.951417,0.391304,85,146,1241,29,19618,1466,0,0,19,0,0,4,1,1,15,3,0,23,0,3,1,1,0,26,0,0,1,0,26,7,0,6,TRUE,FALSE,FALSE,FALSE,FALSE,1093,80,8798,7670,126255,21
org.eclipse.cdt.debug.ui.memory.traditional.Rendering,MEDIUM,829,0.35,5,0.72,9,29,0.33,9,106,4,3,6,0.25,0,0,1,1,0,0,3,1,9,0,2,232,232,12,1,0,0,0.1,3,202,1342,4,24153,1681,1,9,0,0,0,0,0,0,9,0,0,1,0,0,0,0,0,1,0,0,0,0,1,0,0,1,TRUE,FALSE,FALSE,FALSE,FALSE,1093,80,8798,7670,126255,21
org.eclipse.cdt.internal.core.dom.lrparser.cpp.CPPExpressionParser,SEVERE,2736,0.38,10,0.88,5,40,0.33,7,71,7,4,17,0.67,2,0,0,66,0,0,0,66,5,51,2,1917,1917,0,0.007519,0,0.996923,0.919355,785,18,408,4,12655,440,0,5,0,0,0,5,5,5,0,0,0,57,5,4,0,61,0,5,5,5,56,0,5,62,0,4,TRUE,FALSE,FALSE,FALSE,FALSE,65,4,780,673,16524,3
org.eclipse.cdt.internal.core.dom.lrparser.cpp.CPPNoCastExpressionParser,SEVERE,1008,0.41,5,0.81,10,18,0.32,7,85,3,2,6,0.33,1,0,2,7,0,13,6,7,6,0,1,301,301,8,0,0,1,1,48,7,41,1,928,41,0,0,0,0,6,0,0,0,6,0,0,4,3,0,0,0,0,7,0,0,0,0,7,6,0,1,TRUE,FALSE,FALSE,FALSE,FALSE,190,3,713,563,9457,4
org.eclipse.cdt.internal.core.dom.lrparser.cpp.CPPNoFunctionDeclaratorParser,SEVERE,950,0.32,7,0.82,5,28,0.27,7,142,4,1,4,0.55,0,0,0,2,0,0,0,2,0,15,3,8,8,0,1,0,0,1,2,7,41,1,928,41,0,0,0,0,0,0,0,0,0,0,0,2,0,0,0,0,0,2,0,0,0,0,2,0,0,2,TRUE,FALSE,FALSE,FALSE,FALSE,190,3,713,563,9457,4
org.eclipse.cdt.internal.core.dom.lrparser.cpp.CPPParser,SEVERE,3542,0.3,16,0.65,8,51,0.33,5,170,4,1,12,0.87,0,0,0,2,0,0,0,2,0,2,2,12,12,0,0,0,0,1,4,7,41,1,928,41,1,0,0,0,0,0,0,0,0,0,0,3,0,0,0,0,0,3,0,0,0,0,3,2,1,0,TRUE,FALSE,FALSE,FALSE,FALSE,190,3,713,563,9457,4
org.eclipse.cdt.internal.core.dom.lrparser.cpp.CPPSizeofExpressionParser,SEVERE,1120,0.57,6,0.56,8,17,0.34,5,207,7,4,3,0.47,1,0,3,22,0,25,15,22,4,0,1,603,603,21,0.333333,0,0.964286,1,114,7,41,1,928,41,0,0,0,0,4,0,2,0,2,0,2,4,18,0,0,0,0,22,0,0,0,0,22,21,0,1,TRUE,FALSE,FALSE,FALSE,FALSE,190,3,713,563,9457,4
org.eclipse.cdt.internal.core.dom.lrparser.cpp.CPPTemplateTypeParameterParser,SEVERE,3466,0.22,20,0.88,8,30,0.26,12,170,4,4,16,0.55,0,5,0,12,4,5,2,7,1,23,2,96,45,1,1,0,0.636364,0.545455,7,13,73,1,1076,136,0,0,0,1,0,0,0,0,1,0,0,11,1,0,0,0,0,12,0,0,0,0,12,4,0,3,TRUE,FALSE,FALSE,FALSE,FALSE,190,3,713,563,9457,4
org.eclipse.cdt.internal.core.dom.lrparser.gcc.GCCParser,SEVERE,2386,0.16,12,0.84,9,46,0.34,10,153,7,3,13,0.76,1,2,9,33,0,29,28,31,36,531,6,1043,1015,46,0.3,0,0.94184,1,68,153,385,0,6579,454,0,0,0,0,36,0,0,0,36,0,0,4,27,2,0,0,0,33,0,0,0,0,33,30,0,1,TRUE,FALSE,FALSE,FALSE,FALSE,190,3,713,563,9457,4
org.eclipse.cdt.internal.core.dom.lrparser.gcc.GCCSizeofExpressionParser,SEVERE,3321,0.37,21,0.63,10,34,0.33,12,132,7,3,13,0.69,0,0,0,11,0,0,0,11,3,0,1,228,228,0,1,0,0.933333,1,46,1,11,0,228,11,0,0,3,0,0,2,0,0,1,2,0,3,8,0,0,0,0,11,1,0,0,1,10,10,0,1,TRUE,FALSE,FALSE,FALSE,FALSE,102,2,808,724,19045,7
org.eclipse.cdt.internal.core.dom.lrparser.gpp.GPPParser,SEVERE,970,0.59,4,0.78,7,25,0.34,2,69,6,4,7,0.42,0,8,0,10,0,0,1,2,4,0,1,86,22,1,0.142857,0,0.888889,0,3,61,399,1,14229,466,0,0,4,0,0,0,0,0,4,0,0,4,0,0,6,0,0,10,0,0,0,0,10,0,0,2,TRUE,FALSE,FALSE,FALSE,FALSE,102,2,808,724,19045,7
org.eclipse.cdt.internal.core.dom.lrparser.gpp.GPPSizeofExpressionParser,SEVERE,1967,0.28,8,0.61,9,60,0.26,3,170,5,4,16,0.8,0,0,0,18,0,39,11,18,14,20,2,1172,1172,20,0.461538,0,0.894958,1,238,61,399,1,14229,466,0,0,9,0,5,3,14,3,0,0,11,1,5,0,12,0,0,18,18,0,0,18,0,18,0,0,TRUE,FALSE,FALSE,FALSE,FALSE,102,2,808,724,19045,7
org.eclipse.cdt.internal.core.dom.parser.upc.UPCExpressionParser,MEDIUM,868,0.6,4,0.62,5,31,0.3,2,161,3,1,4,0.55,0,9,1,29,6,11,8,20,25,31,2,541,506,20,0.261905,0,0.909226,0.571429,80,202,1342,4,24153,1681,0,0,15,0,10,9,1,1,16,8,0,21,8,0,0,0,0,29,0,0,0,0,29,20,0,0,TRUE,FALSE,FALSE,FALSE,FALSE,1093,80,8798,7670,126255,21
org.eclipse.cdt.internal.core.dom.parser.upc.UPCNoCastExpressionParser,MEDIUM,899,0.74,6,0.72,2,25,0.25,10,198,3,2,0,0.17,1,0,3,36,0,16,15,36,2,0,1,1485,1485,44,0.113846,0,0.914286,1,212,39,399,8,6940,488,0,0,1,1,0,2,1,1,0,1,0,22,8,0,6,0,0,36,32,0,0,32,4,34,0,2,TRUE,FALSE,FALSE,FALSE,FALSE,1093,80,8798,7670,126255,21
org.eclipse.cdt.internal.core.dom.parser.upc.UPCParser,MEDIUM,822,0.71,7,0.88,1,26,0.31,8,175,3,3,0,0.14,0,13,4,90,0,91,47,77,59,0,1,3392,3175,118,0.416425,0,0.948262,0.648148,539,61,373,1,8738,410,0,7,52,0,0,14,12,12,45,2,0,47,43,0,0,0,0,90,1,0,0,1,89,76,0,1,TRUE,FALSE,FALSE,FALSE,FALSE,1244,32,8322,6962,163595,36
org.eclipse.cdt.internal.core.dom.parser.upc.UPCSizeofExpressionParser,MEDIUM,827,0.75,4,0.68,1,18,0.25,9,152,7,3,2,0.15,0,1,0,21,0,54,21,20,14,0,1,1201,1191,50,0.428571,0,0.953571,0.545455,225,12,85,1,3576,97,0,5,9,0,0,8,6,6,6,2,0,6,13,0,2,0,0,21,3,0,0,3,18,19,0,1,TRUE,FALSE,FALSE,FALSE,FALSE,1244,32,8322,6962,163595,36
org.eclipse.cdt.internal.core.lrparser.xlc.c.XlcCParser,MEDIUM,838,0.73,3,0.6,4,29,0.3,9,198,7,4,2,0.12,0,26,5,88,0,16,25,62,49,0,1,1210,1063,34,0.146944,0,0.985925,0.6,148,195,2231,11,50650,2992,0,12,37,0,0,45,13,13,4,32,0,83,4,1,0,0,0,88,1,0,0,1,87,60,0,2,TRUE,FALSE,FALSE,FALSE,FALSE,1244,32,8322,6962,163595,36
org.eclipse.cdt.internal.core.lrparser.xlc.cpp.XlcCPPParser,MEDIUM,814,0.7,5,0.73,3,15,0.33,3,67,4,2,1,0.13,1,0,0,1,0,1,2,1,0,0,1,10,10,2,1,0,0,1,2,195,2231,11,50650,2992,0,0,0,0,0,0,0,0,0,0,0,1,1,0,0,0,0,2,0,0,0,0,2,1,1,0,TRUE,FALSE,FALSE,FALSE,FALSE,1244,32,8322,6962,163595,36
